INSERT INTO app_dir(`guid`,`sort`,`status`,`title`,`summary`,`content`,`oneimg`,`twoimg`,`mid`,`show_model`,`add_model`,`edit_model`,`locked`,`isadd`,`isaddc`,`pid`,`groupid`,`uid`,`time`)VALUES('59258ADCD6D694B3688E5C9AC5072975','0','0','企业简介','','','','','C0999674F219DB66DD9BEE4AEC338EE1','index.html','add.html','edit.html','1','1','0','0','5B09C7777529B81E9B217732BB4D1532','1','1422611386');#END#


INSERT INTO app_dir(`guid`,`sort`,`status`,`title`,`summary`,`content`,`oneimg`,`twoimg`,`mid`,`show_model`,`add_model`,`edit_model`,`locked`,`isadd`,`isaddc`,`pid`,`groupid`,`uid`,`time`)VALUES('ECD7EEC97324800FF27A45CF76566397','0','0','企业文化','','','','','C0999674F219DB66DD9BEE4AEC338EE1','index.html','add.html','edit.html','1','1','0','0','5B09C7777529B81E9B217732BB4D1532','1','1422611401');#END#


INSERT INTO app_dir(`guid`,`sort`,`status`,`title`,`summary`,`content`,`oneimg`,`twoimg`,`mid`,`show_model`,`add_model`,`edit_model`,`locked`,`isadd`,`isaddc`,`pid`,`groupid`,`uid`,`time`)VALUES('BC762D29CA440A28935A63174F593791','0','0','企业荣誉','','','','','32529C2E1A12F34C52C2D703A9E9233B','index.html','add.html','edit.html','1','1','0','0','5B09C7777529B81E9B217732BB4D1532','1','1422611414');#END#


INSERT INTO app_dir(`guid`,`sort`,`status`,`title`,`summary`,`content`,`oneimg`,`twoimg`,`mid`,`show_model`,`add_model`,`edit_model`,`locked`,`isadd`,`isaddc`,`pid`,`groupid`,`uid`,`time`)VALUES('855E420C0ADE586A632F3BEC8159E2EA','0','0','品牌故事','','','','','F03E952DC20E792A05DD482B4D73DC62','index.html','add.html','edit.html','1','1','0','0','5B09C7777529B81E9B217732BB4D1532','1','1422611431');#END#


INSERT INTO app_dir(`guid`,`sort`,`status`,`title`,`summary`,`content`,`oneimg`,`twoimg`,`mid`,`show_model`,`add_model`,`edit_model`,`locked`,`isadd`,`isaddc`,`pid`,`groupid`,`uid`,`time`)VALUES('3D0AC2B770F47BA04F4B87CD395A4395','0','0','营销网络','','','','','C0999674F219DB66DD9BEE4AEC338EE1','index.html','add.html','edit.html','1','1','0','0','5B09C7777529B81E9B217732BB4D1532','1','1422611445');#END#


INSERT INTO app_dir(`guid`,`sort`,`status`,`title`,`summary`,`content`,`oneimg`,`twoimg`,`mid`,`show_model`,`add_model`,`edit_model`,`locked`,`isadd`,`isaddc`,`pid`,`groupid`,`uid`,`time`)VALUES('0CE5C666584AFC0653C2474E59D467FD','0','0','新闻中心','','','','','565898DEA8DDD5BB7948903EA6F3E34C','index.html','add.html','edit.html','1','1','0','0','5B09C7777529B81E9B217732BB4D1532','1','1422611457');#END#


INSERT INTO app_dir(`guid`,`sort`,`status`,`title`,`summary`,`content`,`oneimg`,`twoimg`,`mid`,`show_model`,`add_model`,`edit_model`,`locked`,`isadd`,`isaddc`,`pid`,`groupid`,`uid`,`time`)VALUES('773EE8199B5AB31D92C271775874ABCC','0','0','电子画册 	','','','','','565898DEA8DDD5BB7948903EA6F3E34C','index.html','add.html','edit.html','1','1','0','0','5B09C7777529B81E9B217732BB4D1532','1','1422611469');#END#


INSERT INTO app_dir(`guid`,`sort`,`status`,`title`,`summary`,`content`,`oneimg`,`twoimg`,`mid`,`show_model`,`add_model`,`edit_model`,`locked`,`isadd`,`isaddc`,`pid`,`groupid`,`uid`,`time`)VALUES('99658C2B40A08D7E2FB6BF958E7D8321','0','0','全景','','','','','C89A363DE849C06D3D5166BAC4978AAD','index.html','add.html','edit.html','1','1','0','0','5B09C7777529B81E9B217732BB4D1532','1','1422611482');#END#


INSERT INTO app_dir(`guid`,`sort`,`status`,`title`,`summary`,`content`,`oneimg`,`twoimg`,`mid`,`show_model`,`add_model`,`edit_model`,`locked`,`isadd`,`isaddc`,`pid`,`groupid`,`uid`,`time`)VALUES('B8381AE731195D40F28C71E62D1D237C','0','0','形象广告片','','','','','DFA2E27A555F9543234794484A4BD1EC','index.html','add.html','edit.html','1','1','0','0','5B09C7777529B81E9B217732BB4D1532','1','1422611495');#END#


INSERT INTO app_dir(`guid`,`sort`,`status`,`title`,`summary`,`content`,`oneimg`,`twoimg`,`mid`,`show_model`,`add_model`,`edit_model`,`locked`,`isadd`,`isaddc`,`pid`,`groupid`,`uid`,`time`)VALUES('68E724A7293FB661F61014525550D478','0','0','首页广告','','','','','F03E952DC20E792A05DD482B4D73DC62','index.html','add.html','edit.html','1','1','0','0','5B09C7777529B81E9B217732BB4D1532','1','1422611516');#END#


INSERT INTO app_dir(`guid`,`sort`,`status`,`title`,`summary`,`content`,`oneimg`,`twoimg`,`mid`,`show_model`,`add_model`,`edit_model`,`locked`,`isadd`,`isaddc`,`pid`,`groupid`,`uid`,`time`)VALUES('654BBB37C0F05E62F2A498E56BB2BCAF','0','0','富玛世家','','','5B09C7777529B81E9B217732BB4D1532/233F10CC0124BC4ADD0F9C94AF5B6D79.png','','32529C2E1A12F34C52C2D703A9E9233B','ablum.html','ablum_add.html','ablum_edit.html','0','1','0','773EE8199B5AB31D92C271775874ABCC','5B09C7777529B81E9B217732BB4D1532','1','1422612751');#END#


INSERT INTO app_content(`guid`,`sort`,`status`,`title`,`summary`,`content`,`keyword`,`oneimg`,`twoimg`,`threeimg`,`file`,`pid`,`uid`,`groupid`,`time`)VALUES('3B04F1DD66BDBAF876BB10B1A15BFF23','0','0','环保质量先行 四海家具健康品质打造快乐家','','<p>　　随着经济水平的提高，人们对生活品质的要求也越来越高。以前，人们只注重结实耐用，现在还要求设计有美感服务好，对健康质量还要有保障。那些质量差、服务 差、设计抄袭、甲醛超标、不环保的家具不仅会被曝光，还会被消费者所抛弃。而生产高品质健康家具的前提，是企业必须有高标准的生产流程。作为国内家具企业 的典范，四海家具在这方面一直走在行业的前列。<br />
四海家具秉承&ldquo;原创&rdquo;品牌理念，按照国外苛刻的质量标准进行生产，拒绝甲醛污染，将传统制作工 艺与当代先进技术手段融为一体，以其完善的选材工序和制造工艺，打造超高品质绿色产品，为消费者提供环保健康家居。早在1998年，曲美家具就通过了 ISO9001质量管理体系认证和ISO14001环境管理体系认证。并率先在家具行业内成立第一家企业环保实验室，对原材料成品等均进行严格的检验，确 保出厂时，产品各项指标符合国际标准。生产采用的木材均为优质等级木材，人造板环保性能指标均优于国家标准，达到国际先进国家的E0标准，家具油漆从色 浆、底漆到面漆，采用PU环保漆，保证对人体安全健康，达到世界先进的欧洲E0高级标准，并且玻璃采用钢化和乳化处理后的无铅玻璃，对人体无毒无害。<br />
在生产环节上，四海选用的木材均经过FSC认证的天然森林区，并从意大利、德国进口的先进生产设备，生产关卡严格繁多，包括用料要求，木材含水量要求， 家具尺寸要求，产品力学性能要求，密度纤维要求等一系列全程关卡管理检测，在生产细节上不断细化，精益求精，从而保证成品的优质质量。<br />
四海家具市场部负责人表示，四海在材料选用方面都会严格把关，不会因为降低成本，而使用质量差人造板和劣质胶粘剂。该负责人还表示，现在人们越来越追求环保、健康的家居产品，四海家具企业必须要有更加环保的材质、多样的款式、可定制等特点，才能被消费者认可。</p>','2014.02.26','','','','','0CE5C666584AFC0653C2474E59D467FD','1','5B09C7777529B81E9B217732BB4D1532','1422612562');#END#


INSERT INTO app_content(`guid`,`sort`,`status`,`title`,`summary`,`content`,`keyword`,`oneimg`,`twoimg`,`threeimg`,`file`,`pid`,`uid`,`groupid`,`time`)VALUES('76F1F33D28D6FF967D0DA762B2CB09B0','0','0','5','','','','5B09C7777529B81E9B217732BB4D1532/78C26573D217B1BCE657581E8252F6EF.jpg','','','','855E420C0ADE586A632F3BEC8159E2EA','1','5B09C7777529B81E9B217732BB4D1532','1422612285');#END#


INSERT INTO app_content(`guid`,`sort`,`status`,`title`,`summary`,`content`,`keyword`,`oneimg`,`twoimg`,`threeimg`,`file`,`pid`,`uid`,`groupid`,`time`)VALUES('DA5E352C289F2D311597EA673FC6D34B','0','0','4','','','','5B09C7777529B81E9B217732BB4D1532/7443A166A8E572B3641AF912699BB644.jpg','','','','855E420C0ADE586A632F3BEC8159E2EA','1','5B09C7777529B81E9B217732BB4D1532','1422612291');#END#


INSERT INTO app_content(`guid`,`sort`,`status`,`title`,`summary`,`content`,`keyword`,`oneimg`,`twoimg`,`threeimg`,`file`,`pid`,`uid`,`groupid`,`time`)VALUES('A82367F3257911BCBEACDE44A6FA2ABC','0','0','3','','','','5B09C7777529B81E9B217732BB4D1532/922EB4A27BC0AC534192BAD595563020.jpg','','','','855E420C0ADE586A632F3BEC8159E2EA','1','5B09C7777529B81E9B217732BB4D1532','1422612297');#END#


INSERT INTO app_content(`guid`,`sort`,`status`,`title`,`summary`,`content`,`keyword`,`oneimg`,`twoimg`,`threeimg`,`file`,`pid`,`uid`,`groupid`,`time`)VALUES('539C0893733EE714F5F1FA18380129BF','0','0','2','','','','5B09C7777529B81E9B217732BB4D1532/46B6B6BA6030C6A21B52610A407E3C86.jpg','','','','855E420C0ADE586A632F3BEC8159E2EA','1','5B09C7777529B81E9B217732BB4D1532','1422612302');#END#


INSERT INTO app_content(`guid`,`sort`,`status`,`title`,`summary`,`content`,`keyword`,`oneimg`,`twoimg`,`threeimg`,`file`,`pid`,`uid`,`groupid`,`time`)VALUES('4608AC07E8B9B381B52589D28BDFD876','0','0','1','','','','5B09C7777529B81E9B217732BB4D1532/C27930F05DF9128F30D8218993882B14.jpg','','','','855E420C0ADE586A632F3BEC8159E2EA','1','5B09C7777529B81E9B217732BB4D1532','1422612307');#END#


INSERT INTO app_content(`guid`,`sort`,`status`,`title`,`summary`,`content`,`keyword`,`oneimg`,`twoimg`,`threeimg`,`file`,`pid`,`uid`,`groupid`,`time`)VALUES('2CAED7B44D05AA51CAABC970194B39D4','0','0','营销网络','','','','5B09C7777529B81E9B217732BB4D1532/C8D68D510F2868B879B2EE694B7A8ACA.png','','','','3D0AC2B770F47BA04F4B87CD395A4395','1','5B09C7777529B81E9B217732BB4D1532','1422612395');#END#


INSERT INTO app_content(`guid`,`sort`,`status`,`title`,`summary`,`content`,`keyword`,`oneimg`,`twoimg`,`threeimg`,`file`,`pid`,`uid`,`groupid`,`time`)VALUES('1EB4357393ECDEEC55021931C96FCF3F','0','0','6','','','','5B09C7777529B81E9B217732BB4D1532/5493135FDD9293624F196009AC63E459.jpg','','','','855E420C0ADE586A632F3BEC8159E2EA','1','5B09C7777529B81E9B217732BB4D1532','1422612279');#END#


INSERT INTO app_content(`guid`,`sort`,`status`,`title`,`summary`,`content`,`keyword`,`oneimg`,`twoimg`,`threeimg`,`file`,`pid`,`uid`,`groupid`,`time`)VALUES('5F01DF914E98D41DFAB5DFFE39B5C1B0','0','0','企业文化','','','','5B09C7777529B81E9B217732BB4D1532/47430C2D92478D859F7DEA017DF6B145.jpg','','','','ECD7EEC97324800FF27A45CF76566397','1','5B09C7777529B81E9B217732BB4D1532','1422611932');#END#


INSERT INTO app_content(`guid`,`sort`,`status`,`title`,`summary`,`content`,`keyword`,`oneimg`,`twoimg`,`threeimg`,`file`,`pid`,`uid`,`groupid`,`time`)VALUES('3DF7531A2AD92E11AF0ACB4CFFA993D2','0','0','2','','','','5B09C7777529B81E9B217732BB4D1532/E861A0D1D8267F05D8FEBC1D941AF923.jpg','','','','68E724A7293FB661F61014525550D478','1','5B09C7777529B81E9B217732BB4D1532','1422611876');#END#


INSERT INTO app_content(`guid`,`sort`,`status`,`title`,`summary`,`content`,`keyword`,`oneimg`,`twoimg`,`threeimg`,`file`,`pid`,`uid`,`groupid`,`time`)VALUES('1461352F5755B671EC62F9D9D8D23003','0','0','1','','','','5B09C7777529B81E9B217732BB4D1532/BF91142A478B61FE74517DB4A377878D.jpg','','','','68E724A7293FB661F61014525550D478','1','5B09C7777529B81E9B217732BB4D1532','1422611883');#END#


INSERT INTO app_content(`guid`,`sort`,`status`,`title`,`summary`,`content`,`keyword`,`oneimg`,`twoimg`,`threeimg`,`file`,`pid`,`uid`,`groupid`,`time`)VALUES('C08D6C7EE4FFAB288EADBE27539AF51B','0','0','企业简介','','','','5B09C7777529B81E9B217732BB4D1532/B988BCFCE32B665A861753E476DE3A3A.jpg','','','','59258ADCD6D694B3688E5C9AC5072975','1','5B09C7777529B81E9B217732BB4D1532','1422611917');#END#


INSERT INTO app_content(`guid`,`sort`,`status`,`title`,`summary`,`content`,`keyword`,`oneimg`,`twoimg`,`threeimg`,`file`,`pid`,`uid`,`groupid`,`time`)VALUES('A3A29374788A47F489A356B714339E42','0','0','关于床的选择几点注意事项','','<p>我们一生有三分之一的时间都是在床上度过的，因此在家居生活中，选择一款舒适的床是十分重要的，对于床的选择我们经常会不知道怎么下手，其实在日常 生活中我们可以总结出一些经验，这些属于软装方面的东西装修公司也不会详细说明。那怎么选择一张舒适的床呢？顺德四海家具从下面这些方面告诉您。</p>
<p>1、 床基<br />
一张好床的秘密首先在于床基，那么如何鉴别床基的优劣呢？首先要注意的是床板的质量，掀开床垫，我们会看到木质床板，若床板为薄板而非多层板，则床的质量明显不高，以多层矫型板及钢丝弹簧制成的床，具有厚重的质感而无任何噪音，属于优质的床基。</p>
<p>2、床垫安全、耐久的床基还不能完全保证舒适的睡眠，只有将床基与床垫很好地结合，才能创造出最完美的床和最佳的休息方式，选择床垫时要注意以下两点：</p>
<p>&nbsp; A、弹性硬度：每个人的睡眠习惯不同，所以对床垫的软硬性需求也不同，好床可随睡眠姿势变动而自动调整弹力，所以在选购时，要根据自己的睡眠习惯，以各种姿势试躺，如果皆能感受到舒坦，才能达到最佳的睡眠状况。</p>
<p>&nbsp; B、尺寸大小：床垫的长度和宽度要足够，因为每个人睡觉都会翻身，要留足够的空间供人自由翻动。床垫的长度以个人身高至少再加上15公分为宜，预留枕头置放的空间，减少睡眠时的压迫感，身高过高的人建议买加长尺寸的床垫。</p>','2014.02.28','','','','','0CE5C666584AFC0653C2474E59D467FD','1','5B09C7777529B81E9B217732BB4D1532','1422612579');#END#


INSERT INTO app_content(`guid`,`sort`,`status`,`title`,`summary`,`content`,`keyword`,`oneimg`,`twoimg`,`threeimg`,`file`,`pid`,`uid`,`groupid`,`time`)VALUES('6400D6979BC447B426BAB1923CD87132','0','0','外观设计专利证书','','','','5B09C7777529B81E9B217732BB4D1532/1107C3AADCB8332A8CF3E28655A596CF.jpg','5B09C7777529B81E9B217732BB4D1532/AA2246DB6FAAECAD223381BFCD703BC2.jpg','','','BC762D29CA440A28935A63174F593791','1','5B09C7777529B81E9B217732BB4D1532','1422612638');#END#


INSERT INTO app_content(`guid`,`sort`,`status`,`title`,`summary`,`content`,`keyword`,`oneimg`,`twoimg`,`threeimg`,`file`,`pid`,`uid`,`groupid`,`time`)VALUES('A275AC9D427B62579C8424FFAD4931B5','0','0','广东省守合同重信用企业 证书','','','','5B09C7777529B81E9B217732BB4D1532/FFB990702B75CAF33C206613926529F5.jpg','5B09C7777529B81E9B217732BB4D1532/51484172C4E9361F9EF8F9C6C9E52478.jpg','','','BC762D29CA440A28935A63174F593791','1','5B09C7777529B81E9B217732BB4D1532','1422612638');#END#


INSERT INTO app_content(`guid`,`sort`,`status`,`title`,`summary`,`content`,`keyword`,`oneimg`,`twoimg`,`threeimg`,`file`,`pid`,`uid`,`groupid`,`time`)VALUES('C4106364A5D577425A480CDB401D6B81','0','0','环境管理体系认证证书','','','','5B09C7777529B81E9B217732BB4D1532/3588B75A99D03883015B4FC8E977E60F.jpg','5B09C7777529B81E9B217732BB4D1532/4FC372C062348E4D320E0B6A40FC1BB8.jpg','','','BC762D29CA440A28935A63174F593791','1','5B09C7777529B81E9B217732BB4D1532','1422612638');#END#


INSERT INTO app_content(`guid`,`sort`,`status`,`title`,`summary`,`content`,`keyword`,`oneimg`,`twoimg`,`threeimg`,`file`,`pid`,`uid`,`groupid`,`time`)VALUES('1018C38A69FC59BF4FBC0058AC1BAA77','0','0','质量管理体系认证证书','','','','5B09C7777529B81E9B217732BB4D1532/5195136FEF3A6CB1D2F35A0E47A9921D.jpg','5B09C7777529B81E9B217732BB4D1532/395B2ED0759BAE719952B97C17736AC3.jpg','','','BC762D29CA440A28935A63174F593791','1','5B09C7777529B81E9B217732BB4D1532','1422612638');#END#


INSERT INTO app_content(`guid`,`sort`,`status`,`title`,`summary`,`content`,`keyword`,`oneimg`,`twoimg`,`threeimg`,`file`,`pid`,`uid`,`groupid`,`time`)VALUES('07F5C07988C45A40F62FC7DACB4F7F6C','0','0','中小企业成长标杆证书','','','','5B09C7777529B81E9B217732BB4D1532/24FCE6BABEF9A80AD97B887FEDBC6ADC.jpg','5B09C7777529B81E9B217732BB4D1532/9D49A873D774B93F09638E51DF1D505A.jpg','','','BC762D29CA440A28935A63174F593791','1','5B09C7777529B81E9B217732BB4D1532','1422612638');#END#


INSERT INTO app_content(`guid`,`sort`,`status`,`title`,`summary`,`content`,`keyword`,`oneimg`,`twoimg`,`threeimg`,`file`,`pid`,`uid`,`groupid`,`time`)VALUES('731BAB72BAA38D108E34D233D919FF9C','0','0','授权书','','','','5B09C7777529B81E9B217732BB4D1532/DE5696E8A30904CC7A8BE541B7B5918E.jpg','5B09C7777529B81E9B217732BB4D1532/739F78B5AE44E2C5A531999F2F55DED1.jpg','','','BC762D29CA440A28935A63174F593791','1','5B09C7777529B81E9B217732BB4D1532','1422612638');#END#


INSERT INTO app_content(`guid`,`sort`,`status`,`title`,`summary`,`content`,`keyword`,`oneimg`,`twoimg`,`threeimg`,`file`,`pid`,`uid`,`groupid`,`time`)VALUES('376463B63882BA6D32766564E417D6B1','0','0','检验证书','','','','5B09C7777529B81E9B217732BB4D1532/B7845A6FBCCCAF41E6C4E1C22A75CEA0.jpg','5B09C7777529B81E9B217732BB4D1532/680246A5FF37B9F532E25AB6AADBC924.jpg','','','BC762D29CA440A28935A63174F593791','1','5B09C7777529B81E9B217732BB4D1532','1422612638');#END#


INSERT INTO app_content(`guid`,`sort`,`status`,`title`,`summary`,`content`,`keyword`,`oneimg`,`twoimg`,`threeimg`,`file`,`pid`,`uid`,`groupid`,`time`)VALUES('D24A563F81E377241FB2FA93CF3F3957','0','0','视频01','','','','5B09C7777529B81E9B217732BB4D1532/221FF11F9156032198556DF3EC7ADBAC.png','','','5B09C7777529B81E9B217732BB4D1532/18E31BCF943AD7AC7B5517DB7F4F4CAF.mp4','B8381AE731195D40F28C71E62D1D237C','1','5B09C7777529B81E9B217732BB4D1532','1422612716');#END#


INSERT INTO app_content(`guid`,`sort`,`status`,`title`,`summary`,`content`,`keyword`,`oneimg`,`twoimg`,`threeimg`,`file`,`pid`,`uid`,`groupid`,`time`)VALUES('A451B69518769A2927CBCBE6C52FA46B','0','0','视频02','','','','5B09C7777529B81E9B217732BB4D1532/0BF26B40E70EEE5AB29EC406094163E2.png','','','5B09C7777529B81E9B217732BB4D1532/F50D6CD55116FBD33B49C5EB57830C37.mp4','B8381AE731195D40F28C71E62D1D237C','1','5B09C7777529B81E9B217732BB4D1532','1422612716');#END#


INSERT INTO app_content(`guid`,`sort`,`status`,`title`,`summary`,`content`,`keyword`,`oneimg`,`twoimg`,`threeimg`,`file`,`pid`,`uid`,`groupid`,`time`)VALUES('DDCA8D8994E0FFB2C8B711FB1812CBE0','0','0','视频03','','','','5B09C7777529B81E9B217732BB4D1532/36655F67A4DE69FD1E24EE5AA307082E.png','','','5B09C7777529B81E9B217732BB4D1532/D4777B52AF95D4DA87BEA1C4E207CE21.mp4','B8381AE731195D40F28C71E62D1D237C','1','5B09C7777529B81E9B217732BB4D1532','1422612716');#END#


INSERT INTO app_content(`guid`,`sort`,`status`,`title`,`summary`,`content`,`keyword`,`oneimg`,`twoimg`,`threeimg`,`file`,`pid`,`uid`,`groupid`,`time`)VALUES('3E41C56F22A47F95300998EADD929114','0','0','000','','','','5B09C7777529B81E9B217732BB4D1532/2C2F7FB33111AFBCA06CFE76F80E47F0.jpg','5B09C7777529B81E9B217732BB4D1532/BE7AE294803E13F2EFEEF34162A39EA4.jpg','','','654BBB37C0F05E62F2A498E56BB2BCAF','1','5B09C7777529B81E9B217732BB4D1532','1422612751');#END#


INSERT INTO app_content(`guid`,`sort`,`status`,`title`,`summary`,`content`,`keyword`,`oneimg`,`twoimg`,`threeimg`,`file`,`pid`,`uid`,`groupid`,`time`)VALUES('AA448E12A3D8E23D08BC74629773FED2','1','0','001','','','','5B09C7777529B81E9B217732BB4D1532/A90EC9B29ACE126E7F026DA5029F24C9.jpg','5B09C7777529B81E9B217732BB4D1532/6E6F3A67C9273468D97481833878C5ED.jpg','','','654BBB37C0F05E62F2A498E56BB2BCAF','1','5B09C7777529B81E9B217732BB4D1532','1422612751');#END#


INSERT INTO app_content(`guid`,`sort`,`status`,`title`,`summary`,`content`,`keyword`,`oneimg`,`twoimg`,`threeimg`,`file`,`pid`,`uid`,`groupid`,`time`)VALUES('F98B0733CAD3357FE3CB7A92DD81318B','2','0','002','','','','5B09C7777529B81E9B217732BB4D1532/7F57935FF7FC77505FC6FE25528A29F1.jpg','5B09C7777529B81E9B217732BB4D1532/E00044B3B0CCF50749F91CAAC1828F88.jpg','','','654BBB37C0F05E62F2A498E56BB2BCAF','1','5B09C7777529B81E9B217732BB4D1532','1422612752');#END#


INSERT INTO app_content(`guid`,`sort`,`status`,`title`,`summary`,`content`,`keyword`,`oneimg`,`twoimg`,`threeimg`,`file`,`pid`,`uid`,`groupid`,`time`)VALUES('3FA3C692DFC18ADF4C3E2EC162185333','3','0','003','','','','5B09C7777529B81E9B217732BB4D1532/5BFA515BF41595C2047F01F9BFFF5D96.jpg','5B09C7777529B81E9B217732BB4D1532/76CE414368485E0E1FF2706C06EB6DC6.jpg','','','654BBB37C0F05E62F2A498E56BB2BCAF','1','5B09C7777529B81E9B217732BB4D1532','1422612752');#END#


INSERT INTO app_content(`guid`,`sort`,`status`,`title`,`summary`,`content`,`keyword`,`oneimg`,`twoimg`,`threeimg`,`file`,`pid`,`uid`,`groupid`,`time`)VALUES('94B6D9593334EAC024A7B81860D49314','4','0','004','','','','5B09C7777529B81E9B217732BB4D1532/7C79E29C368E485D9FCE72F51E8B379C.jpg','5B09C7777529B81E9B217732BB4D1532/2BD3953929D5D7DBA4901ED828FCFBD8.jpg','','','654BBB37C0F05E62F2A498E56BB2BCAF','1','5B09C7777529B81E9B217732BB4D1532','1422612752');#END#


INSERT INTO app_content(`guid`,`sort`,`status`,`title`,`summary`,`content`,`keyword`,`oneimg`,`twoimg`,`threeimg`,`file`,`pid`,`uid`,`groupid`,`time`)VALUES('AB2453C0B6F834C36BE04BF0F74187C5','5','0','005','','','','5B09C7777529B81E9B217732BB4D1532/52F5AC09AC74CDED04DFB4CC01712C2C.jpg','5B09C7777529B81E9B217732BB4D1532/3BC316FFCE5AC173AB2408DC30CCBA80.jpg','','','654BBB37C0F05E62F2A498E56BB2BCAF','1','5B09C7777529B81E9B217732BB4D1532','1422612752');#END#


INSERT INTO app_content(`guid`,`sort`,`status`,`title`,`summary`,`content`,`keyword`,`oneimg`,`twoimg`,`threeimg`,`file`,`pid`,`uid`,`groupid`,`time`)VALUES('6F11DA2AE4CEFDCBD81501D76071912C','6','0','006','','','','5B09C7777529B81E9B217732BB4D1532/9F2018E74A9C80A535EDEC121B30C210.jpg','5B09C7777529B81E9B217732BB4D1532/84608D8E18224E3180397315C35AB6AA.jpg','','','654BBB37C0F05E62F2A498E56BB2BCAF','1','5B09C7777529B81E9B217732BB4D1532','1422612752');#END#


INSERT INTO app_content(`guid`,`sort`,`status`,`title`,`summary`,`content`,`keyword`,`oneimg`,`twoimg`,`threeimg`,`file`,`pid`,`uid`,`groupid`,`time`)VALUES('BDD7770AE3ECE6F7E247B3D6324946E9','7','0','007','','','','5B09C7777529B81E9B217732BB4D1532/8442CFDD61EED815386ADB50434333BA.jpg','5B09C7777529B81E9B217732BB4D1532/92D660409460D9E965AC66D4B9D086FD.jpg','','','654BBB37C0F05E62F2A498E56BB2BCAF','1','5B09C7777529B81E9B217732BB4D1532','1422612752');#END#


INSERT INTO app_content(`guid`,`sort`,`status`,`title`,`summary`,`content`,`keyword`,`oneimg`,`twoimg`,`threeimg`,`file`,`pid`,`uid`,`groupid`,`time`)VALUES('789E1795B10D136B24F5D77DB9E59F3D','8','0','008','','','','5B09C7777529B81E9B217732BB4D1532/E6839C7010B9C0A547AA18B66C55BA6E.jpg','5B09C7777529B81E9B217732BB4D1532/4A738CB71A9AB6A81FAAC342CEDD28BA.jpg','','','654BBB37C0F05E62F2A498E56BB2BCAF','1','5B09C7777529B81E9B217732BB4D1532','1422612752');#END#


INSERT INTO app_content(`guid`,`sort`,`status`,`title`,`summary`,`content`,`keyword`,`oneimg`,`twoimg`,`threeimg`,`file`,`pid`,`uid`,`groupid`,`time`)VALUES('9A160C9A829BD8F287105E9A009FFEE6','9','0','009','','','','5B09C7777529B81E9B217732BB4D1532/0327D6958CF96E68C87263EABDA495E7.jpg','5B09C7777529B81E9B217732BB4D1532/1DC6B0F9434E5746FF0E36F5121C47B7.jpg','','','654BBB37C0F05E62F2A498E56BB2BCAF','1','5B09C7777529B81E9B217732BB4D1532','1422612752');#END#


INSERT INTO app_content(`guid`,`sort`,`status`,`title`,`summary`,`content`,`keyword`,`oneimg`,`twoimg`,`threeimg`,`file`,`pid`,`uid`,`groupid`,`time`)VALUES('FA3B79533FCDAC8FAA18B0A0AD7CFC5B','10','0','010','','','','5B09C7777529B81E9B217732BB4D1532/4DCFC909060C3CD84CC52D6E556EE71A.jpg','5B09C7777529B81E9B217732BB4D1532/F71755A679A141427F7C63D762B43273.jpg','','','654BBB37C0F05E62F2A498E56BB2BCAF','1','5B09C7777529B81E9B217732BB4D1532','1422612752');#END#


INSERT INTO app_content(`guid`,`sort`,`status`,`title`,`summary`,`content`,`keyword`,`oneimg`,`twoimg`,`threeimg`,`file`,`pid`,`uid`,`groupid`,`time`)VALUES('600E2CBCABDB78F6FF4A7AEA1C88E74B','11','0','011','','','','5B09C7777529B81E9B217732BB4D1532/D06A122146FD99DCD6A33C01120C19D7.jpg','5B09C7777529B81E9B217732BB4D1532/8EE6F71C614A8D1A49B8E408FA30B34A.jpg','','','654BBB37C0F05E62F2A498E56BB2BCAF','1','5B09C7777529B81E9B217732BB4D1532','1422612752');#END#


INSERT INTO app_content(`guid`,`sort`,`status`,`title`,`summary`,`content`,`keyword`,`oneimg`,`twoimg`,`threeimg`,`file`,`pid`,`uid`,`groupid`,`time`)VALUES('6F09E8825412C4E4ADC5D7A0CE591DDB','12','0','012','','','','5B09C7777529B81E9B217732BB4D1532/04A6A76CBC00DD7486ADEF735180FAAC.jpg','5B09C7777529B81E9B217732BB4D1532/205215FDA1B8ED3337AB5CB101559F0F.jpg','','','654BBB37C0F05E62F2A498E56BB2BCAF','1','5B09C7777529B81E9B217732BB4D1532','1422612752');#END#


INSERT INTO app_content(`guid`,`sort`,`status`,`title`,`summary`,`content`,`keyword`,`oneimg`,`twoimg`,`threeimg`,`file`,`pid`,`uid`,`groupid`,`time`)VALUES('26E74AAAE174561910C207DC327BC78B','13','0','013','','','','5B09C7777529B81E9B217732BB4D1532/FFB10D13E23C84DF1ECE021619537C81.jpg','5B09C7777529B81E9B217732BB4D1532/278F25C4F042F34B0CDAD15BE7B7D3F0.jpg','','','654BBB37C0F05E62F2A498E56BB2BCAF','1','5B09C7777529B81E9B217732BB4D1532','1422612752');#END#


INSERT INTO app_content(`guid`,`sort`,`status`,`title`,`summary`,`content`,`keyword`,`oneimg`,`twoimg`,`threeimg`,`file`,`pid`,`uid`,`groupid`,`time`)VALUES('310A2F0007D415B192744F17B1C4961A','14','0','014','','','','5B09C7777529B81E9B217732BB4D1532/288F8A886D51496E10E458A41379CA69.jpg','5B09C7777529B81E9B217732BB4D1532/60FD7C48ACBD4E61A82D5E3D4EE66A47.jpg','','','654BBB37C0F05E62F2A498E56BB2BCAF','1','5B09C7777529B81E9B217732BB4D1532','1422612752');#END#


INSERT INTO app_content(`guid`,`sort`,`status`,`title`,`summary`,`content`,`keyword`,`oneimg`,`twoimg`,`threeimg`,`file`,`pid`,`uid`,`groupid`,`time`)VALUES('160FD6D970466E6184004DB43313DF7D','15','0','015','','','','5B09C7777529B81E9B217732BB4D1532/77705D4DEA1479A4DCE2376E1EB125C1.jpg','5B09C7777529B81E9B217732BB4D1532/AA11203AE63BC16890DEEA32D12EBE31.jpg','','','654BBB37C0F05E62F2A498E56BB2BCAF','1','5B09C7777529B81E9B217732BB4D1532','1422612752');#END#


INSERT INTO app_content(`guid`,`sort`,`status`,`title`,`summary`,`content`,`keyword`,`oneimg`,`twoimg`,`threeimg`,`file`,`pid`,`uid`,`groupid`,`time`)VALUES('809479058E5CE051F6357C774071ED24','16','0','016','','','','5B09C7777529B81E9B217732BB4D1532/FAC5C4DC20818DD9399D0F2A16302ED2.jpg','5B09C7777529B81E9B217732BB4D1532/B109162F87167A0C17A5FBF23DEA53E8.jpg','','','654BBB37C0F05E62F2A498E56BB2BCAF','1','5B09C7777529B81E9B217732BB4D1532','1422612752');#END#


INSERT INTO app_content(`guid`,`sort`,`status`,`title`,`summary`,`content`,`keyword`,`oneimg`,`twoimg`,`threeimg`,`file`,`pid`,`uid`,`groupid`,`time`)VALUES('6F6090EB5B1B4D0712AB06AD2C9CDF1E','18','0','018','','','','5B09C7777529B81E9B217732BB4D1532/C1369703A8ED426A87266689F5964E11.jpg','5B09C7777529B81E9B217732BB4D1532/E7B0F84D5163D81349CE8612FFE19D15.jpg','','','654BBB37C0F05E62F2A498E56BB2BCAF','1','5B09C7777529B81E9B217732BB4D1532','1422612752');#END#


INSERT INTO app_content(`guid`,`sort`,`status`,`title`,`summary`,`content`,`keyword`,`oneimg`,`twoimg`,`threeimg`,`file`,`pid`,`uid`,`groupid`,`time`)VALUES('B7D83A5370B1E28DD023F6211667C9FB','19','0','019','','','','5B09C7777529B81E9B217732BB4D1532/CF71D7B6800A07EFCD8A5EC42F9E8DD6.jpg','5B09C7777529B81E9B217732BB4D1532/451C7A504E79AB1C4D616A74893B1AEE.jpg','','','654BBB37C0F05E62F2A498E56BB2BCAF','1','5B09C7777529B81E9B217732BB4D1532','1422612752');#END#


INSERT INTO app_content(`guid`,`sort`,`status`,`title`,`summary`,`content`,`keyword`,`oneimg`,`twoimg`,`threeimg`,`file`,`pid`,`uid`,`groupid`,`time`)VALUES('D5962513FCA17D0521FF4995D9B40FB0','20','0','020','','','','5B09C7777529B81E9B217732BB4D1532/6C20133BA55B86C36EB4087B6EAB825F.jpg','5B09C7777529B81E9B217732BB4D1532/35EB061C808C19EE2814717FBF34A550.jpg','','','654BBB37C0F05E62F2A498E56BB2BCAF','1','5B09C7777529B81E9B217732BB4D1532','1422612752');#END#


INSERT INTO app_content(`guid`,`sort`,`status`,`title`,`summary`,`content`,`keyword`,`oneimg`,`twoimg`,`threeimg`,`file`,`pid`,`uid`,`groupid`,`time`)VALUES('37630F3F1B23E75C6FF99FE083D1A393','21','0','021','','','','5B09C7777529B81E9B217732BB4D1532/806CB06CDCEDCC99CAF6E7C0EB3B58CA.jpg','5B09C7777529B81E9B217732BB4D1532/F7AC1F7BD64877F1CDF65A687B6DD3FA.jpg','','','654BBB37C0F05E62F2A498E56BB2BCAF','1','5B09C7777529B81E9B217732BB4D1532','1422612752');#END#


INSERT INTO app_content(`guid`,`sort`,`status`,`title`,`summary`,`content`,`keyword`,`oneimg`,`twoimg`,`threeimg`,`file`,`pid`,`uid`,`groupid`,`time`)VALUES('1CFD49B81ED7ABAEB808EA1864CAAC45','22','0','022','','','','5B09C7777529B81E9B217732BB4D1532/4ACA1D6215D654CBD88A74BD8A380BDB.jpg','5B09C7777529B81E9B217732BB4D1532/BAE073B339BE53B62FEB1C8823C45D30.jpg','','','654BBB37C0F05E62F2A498E56BB2BCAF','1','5B09C7777529B81E9B217732BB4D1532','1422612752');#END#


INSERT INTO app_content(`guid`,`sort`,`status`,`title`,`summary`,`content`,`keyword`,`oneimg`,`twoimg`,`threeimg`,`file`,`pid`,`uid`,`groupid`,`time`)VALUES('7C6864BFFFF9C2092F0B41871420CFFD','23','0','023','','','','5B09C7777529B81E9B217732BB4D1532/1585C847313703ABFFA0FA06CCA8E49E.jpg','5B09C7777529B81E9B217732BB4D1532/9C72397878CBECCA3D16D60B6E6306BB.jpg','','','654BBB37C0F05E62F2A498E56BB2BCAF','1','5B09C7777529B81E9B217732BB4D1532','1422612752');#END#


INSERT INTO app_content(`guid`,`sort`,`status`,`title`,`summary`,`content`,`keyword`,`oneimg`,`twoimg`,`threeimg`,`file`,`pid`,`uid`,`groupid`,`time`)VALUES('E8712D5B7DE134C412041BD32790EF9A','24','0','024','','','','5B09C7777529B81E9B217732BB4D1532/BC214277F9F10F2B54E099300AFCFD0F.jpg','5B09C7777529B81E9B217732BB4D1532/B9130BB85188D3E63FFCE7CBF9800669.jpg','','','654BBB37C0F05E62F2A498E56BB2BCAF','1','5B09C7777529B81E9B217732BB4D1532','1422612752');#END#


INSERT INTO app_content(`guid`,`sort`,`status`,`title`,`summary`,`content`,`keyword`,`oneimg`,`twoimg`,`threeimg`,`file`,`pid`,`uid`,`groupid`,`time`)VALUES('139295F179CD9392817B6A6F0FF008BC','25','0','025','','','','5B09C7777529B81E9B217732BB4D1532/7B74F0EA5B2595E561A7F491D54E39E0.jpg','5B09C7777529B81E9B217732BB4D1532/69499594827B09C434A388DA982B4EDC.jpg','','','654BBB37C0F05E62F2A498E56BB2BCAF','1','5B09C7777529B81E9B217732BB4D1532','1422612752');#END#


INSERT INTO app_content(`guid`,`sort`,`status`,`title`,`summary`,`content`,`keyword`,`oneimg`,`twoimg`,`threeimg`,`file`,`pid`,`uid`,`groupid`,`time`)VALUES('83C9EC0BC21A3194DA8D192C7168D98D','0','0','BOZI系列','','','','','','','5B09C7777529B81E9B217732BB4D1532/DD2153FEE63EC59E8F43D9C95E8FEFE0.zip','99658C2B40A08D7E2FB6BF958E7D8321','1','5B09C7777529B81E9B217732BB4D1532','1422942715');#END#


INSERT INTO app_content(`guid`,`sort`,`status`,`title`,`summary`,`content`,`keyword`,`oneimg`,`twoimg`,`threeimg`,`file`,`pid`,`uid`,`groupid`,`time`)VALUES('05C151F78200F4DF2E592A5708F8F685','0','0','富玛世家系列','','','','','','','5B09C7777529B81E9B217732BB4D1532/50880401A70BB081F9D52528428D15EC.zip','99658C2B40A08D7E2FB6BF958E7D8321','1','5B09C7777529B81E9B217732BB4D1532','1422942722');#END#


INSERT INTO app_content(`guid`,`sort`,`status`,`title`,`summary`,`content`,`keyword`,`oneimg`,`twoimg`,`threeimg`,`file`,`pid`,`uid`,`groupid`,`time`)VALUES('C06EF1C67592DA33789EA6189E692509','0','0','360主文件','','','','','','','5B09C7777529B81E9B217732BB4D1532/7177A7624ACFB811F68627BAC2252FE8.zip','99658C2B40A08D7E2FB6BF958E7D8321','1','5B09C7777529B81E9B217732BB4D1532','1422942729');#END#


INSERT INTO app_content(`guid`,`sort`,`status`,`title`,`summary`,`content`,`keyword`,`oneimg`,`twoimg`,`threeimg`,`file`,`pid`,`uid`,`groupid`,`time`)VALUES('12E52F339EFDF5FF52A0D37EFD7C4E41','3','0','3','','','','5B09C7777529B81E9B217732BB4D1532/8928C2A67B1B502A255824D23028AF32.jpg','','','','68E724A7293FB661F61014525550D478','1','5B09C7777529B81E9B217732BB4D1532','1422959099');#END#


INSERT INTO app_content(`guid`,`sort`,`status`,`title`,`summary`,`content`,`keyword`,`oneimg`,`twoimg`,`threeimg`,`file`,`pid`,`uid`,`groupid`,`time`)VALUES('3C3A3097F7E17EED324CDC8A128B052D','4','0','4','','','','5B09C7777529B81E9B217732BB4D1532/AA7FC16B12D230326399086CC9DC75A0.jpg','','','','68E724A7293FB661F61014525550D478','1','5B09C7777529B81E9B217732BB4D1532','1422959106');#END#


INSERT INTO app_diy(`guid`,`sort`,`status`,`title`,`styleid`,`functionid`,`spacestyleid`,`oneimg`,`twoimg`,`threeimg`,`fourimg`,`groupid`,`uid`,`time`)VALUES('BA446769B9A23E1F20B1AD0FBF68CAC7','0','0','卧室换装000','D66242C27150115C321D9672A82C8E31','156359D7361F42D7C1859EF4E290513D','30006CEE23B801B4DE1602B0EB96B30A','5B09C7777529B81E9B217732BB4D1532/1F304222E4BA963F1B45D6D0642DBDE6.jpg','5B09C7777529B81E9B217732BB4D1532/5478818A2F276935BF7D010A5E2A2CDF.jpg','','','5B09C7777529B81E9B217732BB4D1532','1','1422612806');#END#


INSERT INTO app_diy(`guid`,`sort`,`status`,`title`,`styleid`,`functionid`,`spacestyleid`,`oneimg`,`twoimg`,`threeimg`,`fourimg`,`groupid`,`uid`,`time`)VALUES('E420F6B26F0A93A4315557A6E668D218','0','0','卧室换装001','D66242C27150115C321D9672A82C8E31','156359D7361F42D7C1859EF4E290513D','30006CEE23B801B4DE1602B0EB96B30A','5B09C7777529B81E9B217732BB4D1532/FEA8AA7BC77576A2CE106D6DB6F35B27.jpg','5B09C7777529B81E9B217732BB4D1532/357569A8F223780D8D2C5347B6ECBC1C.jpg','5B09C7777529B81E9B217732BB4D1532/F537BC0F735B93EB33ADE3E48E8E0B2D.jpg','','5B09C7777529B81E9B217732BB4D1532','1','1422612806');#END#


INSERT INTO app_focus(`guid`,`sort`,`status`,`title`,`coordinate`,`diyid`,`uid`,`groupid`,`time`)VALUES('6EADC03B0C169D10A92EFC015A6BE823','0','0','床 Bed','513,271,553,311','BA446769B9A23E1F20B1AD0FBF68CAC7','1','5B09C7777529B81E9B217732BB4D1532','1422612806');#END#


INSERT INTO app_focus(`guid`,`sort`,`status`,`title`,`coordinate`,`diyid`,`uid`,`groupid`,`time`)VALUES('81A3E53BB7BF89F68BE5305D7A78FC5B','0','0','床 Bed','320,246,360,286','E420F6B26F0A93A4315557A6E668D218','1','5B09C7777529B81E9B217732BB4D1532','1422612806');#END#


INSERT INTO app_diyimg(`guid`,`sort`,`status`,`title`,`size`,`oneimg`,`twoimg`,`focusid`,`uid`,`groupid`,`time`)VALUES('7F924F790B39F5C3872E573EB90D7630','0','0','1381#','','5B09C7777529B81E9B217732BB4D1532/75428C541720BA0EBFE820A96A66DA48.png','','6EADC03B0C169D10A92EFC015A6BE823','1','5B09C7777529B81E9B217732BB4D1532','1422612806');#END#


INSERT INTO app_diyimg(`guid`,`sort`,`status`,`title`,`size`,`oneimg`,`twoimg`,`focusid`,`uid`,`groupid`,`time`)VALUES('5A34FB14B0CE46BB32A7D810DE32BFF7','0','0','1388#','','5B09C7777529B81E9B217732BB4D1532/1751753B08FBC5BAB7B56B8635C23ED4.png','','6EADC03B0C169D10A92EFC015A6BE823','1','5B09C7777529B81E9B217732BB4D1532','1422612806');#END#


INSERT INTO app_diyimg(`guid`,`sort`,`status`,`title`,`size`,`oneimg`,`twoimg`,`focusid`,`uid`,`groupid`,`time`)VALUES('A4DD5708C6846D2E0973513B6416A7F5','0','0','1391#','','5B09C7777529B81E9B217732BB4D1532/2065058C49F25C4B6877A9E09AEBD165.png','','6EADC03B0C169D10A92EFC015A6BE823','1','5B09C7777529B81E9B217732BB4D1532','1422612806');#END#


INSERT INTO app_diyimg(`guid`,`sort`,`status`,`title`,`size`,`oneimg`,`twoimg`,`focusid`,`uid`,`groupid`,`time`)VALUES('DB100DB3DFB055600B98922EB9650D15','0','0','F1319#','','5B09C7777529B81E9B217732BB4D1532/8D11A5EA8B30A4F7198100DC32FFDE88.png','','6EADC03B0C169D10A92EFC015A6BE823','1','5B09C7777529B81E9B217732BB4D1532','1422612806');#END#


INSERT INTO app_diyimg(`guid`,`sort`,`status`,`title`,`size`,`oneimg`,`twoimg`,`focusid`,`uid`,`groupid`,`time`)VALUES('AB15F3209FE699957024943BF148325B','0','0','F1805#','','5B09C7777529B81E9B217732BB4D1532/82042227FD387B459F12E52DE25E0725.png','','6EADC03B0C169D10A92EFC015A6BE823','1','5B09C7777529B81E9B217732BB4D1532','1422612806');#END#


INSERT INTO app_diyimg(`guid`,`sort`,`status`,`title`,`size`,`oneimg`,`twoimg`,`focusid`,`uid`,`groupid`,`time`)VALUES('8FE8DBEE74D6A3489F535F0AD63A5204','0','0','F1808#','','5B09C7777529B81E9B217732BB4D1532/B52B1EF63B1FE70BD2FB80E4D74C7B59.png','','6EADC03B0C169D10A92EFC015A6BE823','1','5B09C7777529B81E9B217732BB4D1532','1422612806');#END#


INSERT INTO app_diyimg(`guid`,`sort`,`status`,`title`,`size`,`oneimg`,`twoimg`,`focusid`,`uid`,`groupid`,`time`)VALUES('48AFF8DA36416F9B47A3DC73E82C45B8','0','0','M1382','','5B09C7777529B81E9B217732BB4D1532/7ECC610173A9AFCA6B9B4A8616A87BBB.png','','6EADC03B0C169D10A92EFC015A6BE823','1','5B09C7777529B81E9B217732BB4D1532','1422612806');#END#


INSERT INTO app_diyimg(`guid`,`sort`,`status`,`title`,`size`,`oneimg`,`twoimg`,`focusid`,`uid`,`groupid`,`time`)VALUES('1E80505EBDBE930A0B4AB2DF596B3D05','0','0','M1901','','5B09C7777529B81E9B217732BB4D1532/A55275B51E696FFBE73B7E44989A99F0.png','','6EADC03B0C169D10A92EFC015A6BE823','1','5B09C7777529B81E9B217732BB4D1532','1422612806');#END#


INSERT INTO app_diyimg(`guid`,`sort`,`status`,`title`,`size`,`oneimg`,`twoimg`,`focusid`,`uid`,`groupid`,`time`)VALUES('0B6134E1F723158346408F0C37211730','0','0','M1906','','5B09C7777529B81E9B217732BB4D1532/E4746D126422196DE1B31E53B233D5C0.png','','6EADC03B0C169D10A92EFC015A6BE823','1','5B09C7777529B81E9B217732BB4D1532','1422612806');#END#


INSERT INTO app_diyimg(`guid`,`sort`,`status`,`title`,`size`,`oneimg`,`twoimg`,`focusid`,`uid`,`groupid`,`time`)VALUES('B37CE934BE89BC5BFFDEB518F309F450','0','0','M1912','','5B09C7777529B81E9B217732BB4D1532/C8D73704C8BF685F91BD00BD59B6584F.png','','6EADC03B0C169D10A92EFC015A6BE823','1','5B09C7777529B81E9B217732BB4D1532','1422612806');#END#


INSERT INTO app_diyimg(`guid`,`sort`,`status`,`title`,`size`,`oneimg`,`twoimg`,`focusid`,`uid`,`groupid`,`time`)VALUES('7DB8730FCD744A4A56001A2A6E05F92D','0','0','1381#','','','','81A3E53BB7BF89F68BE5305D7A78FC5B','1','5B09C7777529B81E9B217732BB4D1532','1427610747');#END#


INSERT INTO app_diyimg(`guid`,`sort`,`status`,`title`,`size`,`oneimg`,`twoimg`,`focusid`,`uid`,`groupid`,`time`)VALUES('2A0A95EF3C8B1488D8D4C7F66C17E86A','0','0','M1901','','','','81A3E53BB7BF89F68BE5305D7A78FC5B','1','5B09C7777529B81E9B217732BB4D1532','1427611101');#END#


INSERT INTO app_diyimg(`guid`,`sort`,`status`,`title`,`size`,`oneimg`,`twoimg`,`focusid`,`uid`,`groupid`,`time`)VALUES('B4492092948D3B828ABF4993BDE423BA','0','0','M1382','','','','81A3E53BB7BF89F68BE5305D7A78FC5B','1','5B09C7777529B81E9B217732BB4D1532','1427611065');#END#


INSERT INTO app_diyimg(`guid`,`sort`,`status`,`title`,`size`,`oneimg`,`twoimg`,`focusid`,`uid`,`groupid`,`time`)VALUES('8665E12CC3254C52BDCEEF9CA0EA054F','0','0','F1808#','','','','81A3E53BB7BF89F68BE5305D7A78FC5B','1','5B09C7777529B81E9B217732BB4D1532','1427611026');#END#


INSERT INTO app_diyimg(`guid`,`sort`,`status`,`title`,`size`,`oneimg`,`twoimg`,`focusid`,`uid`,`groupid`,`time`)VALUES('086230E21608E4BF3CD0DF0BBCC526F4','0','0','F1805#','','','','81A3E53BB7BF89F68BE5305D7A78FC5B','1','5B09C7777529B81E9B217732BB4D1532','1427610983');#END#


INSERT INTO app_diyimg(`guid`,`sort`,`status`,`title`,`size`,`oneimg`,`twoimg`,`focusid`,`uid`,`groupid`,`time`)VALUES('15A399F7F10F8B88DFAF3CC2D85F477B','0','0','F1319#','','','','81A3E53BB7BF89F68BE5305D7A78FC5B','1','5B09C7777529B81E9B217732BB4D1532','1427610937');#END#


INSERT INTO app_diyimg(`guid`,`sort`,`status`,`title`,`size`,`oneimg`,`twoimg`,`focusid`,`uid`,`groupid`,`time`)VALUES('39E21CDFAC53BE9083BA34BC743B4907','0','0','1391#','','','','81A3E53BB7BF89F68BE5305D7A78FC5B','1','5B09C7777529B81E9B217732BB4D1532','1427610891');#END#


INSERT INTO app_diyimg(`guid`,`sort`,`status`,`title`,`size`,`oneimg`,`twoimg`,`focusid`,`uid`,`groupid`,`time`)VALUES('2CF806470D47376A06E151F21A711AD3','0','0','1388#','','','','81A3E53BB7BF89F68BE5305D7A78FC5B','1','5B09C7777529B81E9B217732BB4D1532','1427610841');#END#


INSERT INTO app_diyimg(`guid`,`sort`,`status`,`title`,`size`,`oneimg`,`twoimg`,`focusid`,`uid`,`groupid`,`time`)VALUES('F6568527D08F75273092004FD4D3D066','0','0','M1912','','','','81A3E53BB7BF89F68BE5305D7A78FC5B','1','5B09C7777529B81E9B217732BB4D1532','1427611175');#END#


INSERT INTO app_diyimg(`guid`,`sort`,`status`,`title`,`size`,`oneimg`,`twoimg`,`focusid`,`uid`,`groupid`,`time`)VALUES('2B68841EFEF6A42DB450039038613729','0','0','M1906','','','','81A3E53BB7BF89F68BE5305D7A78FC5B','1','5B09C7777529B81E9B217732BB4D1532','1427611139');#END#


INSERT INTO app_style(`guid`,`sort`,`status`,`title`,`entitle`,`oneimg`,`twoimg`,`groupid`,`uid`,`time`)VALUES('D66242C27150115C321D9672A82C8E31','0','0','两室一厅一卫','现代','5B09C7777529B81E9B217732BB4D1532/EFFE69E9A04C1C5BF6202FC2D210F052.png','5B09C7777529B81E9B217732BB4D1532/41BF852532F0D1EC619198CCA5A4298F.png','5B09C7777529B81E9B217732BB4D1532','1','1422612806');#END#


INSERT INTO app_spacestyle(`guid`,`sort`,`status`,`title`,`entitle`,`oneimg`,`twoimg`,`groupid`,`uid`,`time`)VALUES('30006CEE23B801B4DE1602B0EB96B30A','0','0','现代','Modern','','','5B09C7777529B81E9B217732BB4D1532','1','1422612806');#END#


INSERT INTO app_function(`guid`,`sort`,`status`,`title`,`entitle`,`oneimg`,`twoimg`,`groupid`,`uid`,`time`)VALUES('156359D7361F42D7C1859EF4E290513D','0','0','卧室','Study bedroom','','','5B09C7777529B81E9B217732BB4D1532','1','1422612806');#END#


INSERT INTO app_prodir(`guid`,`sort`,`status`,`title`,`entitle`,`oneimg`,`twoimg`,`groupid`,`pid`,`uid`,`time`)VALUES('8AF2E2E420A50676E39067A7A8952EDB','3','0','富玛世家床垫','','','','5B09C7777529B81E9B217732BB4D1532','0','1','1422612774');#END#


INSERT INTO app_prodir(`guid`,`sort`,`status`,`title`,`entitle`,`oneimg`,`twoimg`,`groupid`,`pid`,`uid`,`time`)VALUES('37828183E601525FC50E6C44A6246DD0','1','0','富玛世家','','','','5B09C7777529B81E9B217732BB4D1532','0','1','1422612774');#END#


INSERT INTO app_prodir(`guid`,`sort`,`status`,`title`,`entitle`,`oneimg`,`twoimg`,`groupid`,`pid`,`uid`,`time`)VALUES('DC2620A3FAE3605FBDAECF5865D76C3A','2','0','麦格斯','','','','5B09C7777529B81E9B217732BB4D1532','0','1','1422612774');#END#


INSERT INTO app_prodir(`guid`,`sort`,`status`,`title`,`entitle`,`oneimg`,`twoimg`,`groupid`,`pid`,`uid`,`time`)VALUES('F0408BC562C2A64D16B98EDF8AFE1F2F','0','0','新款富玛世家','','5B09C7777529B81E9B217732BB4D1532/BDDE84C10545E4A0E16E553831DADE2B.jpg','','5B09C7777529B81E9B217732BB4D1532','0','1','1426605858');#END#


INSERT INTO app_prodir(`guid`,`sort`,`status`,`title`,`entitle`,`oneimg`,`twoimg`,`groupid`,`pid`,`uid`,`time`)VALUES('BB4A8F6D99D82A42E7808A8FA8235602','0','0','新款麦格斯','','5B09C7777529B81E9B217732BB4D1532/7486DAEBABF83D35EF34CFD393AF12DC.jpg','','5B09C7777529B81E9B217732BB4D1532','0','1','1426605858');#END#


INSERT INTO app_pro(`guid`,`sort`,`status`,`title`,`entitle`,`size`,`pid`,`oneimg`,`twoimg`,`threeimg`,`groupid`,`uid`,`time`)VALUES('C3623713B19ABB768106B623D0B392E4','0','0','975A#','床','','37828183E601525FC50E6C44A6246DD0','5B09C7777529B81E9B217732BB4D1532/EE30F00D51AA9F14541E49DF91EB0BB2.jpg','5B09C7777529B81E9B217732BB4D1532/52EF6860A52BBD26FB5FD95E5655E7B3.jpg','','5B09C7777529B81E9B217732BB4D1532','1','1422612774');#END#


INSERT INTO app_pro(`guid`,`sort`,`status`,`title`,`entitle`,`size`,`pid`,`oneimg`,`twoimg`,`threeimg`,`groupid`,`uid`,`time`)VALUES('FCBFD4557F7296260268946BE971FC66','0','0','F9097#','床','','37828183E601525FC50E6C44A6246DD0','5B09C7777529B81E9B217732BB4D1532/85C9470C46D47A1F3AFE9CEB42862EAC.jpg','5B09C7777529B81E9B217732BB4D1532/9E33DFC19EF5A095BC74AFB9369478F5.jpg','','5B09C7777529B81E9B217732BB4D1532','1','1422612774');#END#


INSERT INTO app_pro(`guid`,`sort`,`status`,`title`,`entitle`,`size`,`pid`,`oneimg`,`twoimg`,`threeimg`,`groupid`,`uid`,`time`)VALUES('E399732BC14DDEECD2EA731F8B0FD972','0','0','1393#','床','','37828183E601525FC50E6C44A6246DD0','5B09C7777529B81E9B217732BB4D1532/C8BB74D6A4C972E0D84EB305FD913C1F.jpg','5B09C7777529B81E9B217732BB4D1532/F1299DADDFFB6DA7A9DADB694A91BB69.jpg','','5B09C7777529B81E9B217732BB4D1532','1','1422612774');#END#


INSERT INTO app_pro(`guid`,`sort`,`status`,`title`,`entitle`,`size`,`pid`,`oneimg`,`twoimg`,`threeimg`,`groupid`,`uid`,`time`)VALUES('51E8CAC0FF2825E9E1EE9A7A600CE580','0','0','1391#','床','','37828183E601525FC50E6C44A6246DD0','5B09C7777529B81E9B217732BB4D1532/687466ACF6F53C051F11DC1B1F7D474A.jpg','5B09C7777529B81E9B217732BB4D1532/0F11EA1E0D41607B785C98CA20753B55.jpg','','5B09C7777529B81E9B217732BB4D1532','1','1422612774');#END#


INSERT INTO app_pro(`guid`,`sort`,`status`,`title`,`entitle`,`size`,`pid`,`oneimg`,`twoimg`,`threeimg`,`groupid`,`uid`,`time`)VALUES('084C48AF8DE1CEFD6615167180C99D2F','0','0','1388#','床','','37828183E601525FC50E6C44A6246DD0','5B09C7777529B81E9B217732BB4D1532/4D4C1092FC196A92D8ECF3B9789447F0.jpg','5B09C7777529B81E9B217732BB4D1532/F37150A6AAAAAAF55F3CDC3BB113D0A1.jpg','','5B09C7777529B81E9B217732BB4D1532','1','1422612774');#END#


INSERT INTO app_pro(`guid`,`sort`,`status`,`title`,`entitle`,`size`,`pid`,`oneimg`,`twoimg`,`threeimg`,`groupid`,`uid`,`time`)VALUES('A29044E493DFAE2BEE224467234E6A6C','0','0','1381#','床','','37828183E601525FC50E6C44A6246DD0','5B09C7777529B81E9B217732BB4D1532/84B92221D3C6425BDAFBD8CFEBCC8BD9.jpg','5B09C7777529B81E9B217732BB4D1532/BAF4267E79CDD90B92B6409AE76074EC.jpg','','5B09C7777529B81E9B217732BB4D1532','1','1422612774');#END#


INSERT INTO app_pro(`guid`,`sort`,`status`,`title`,`entitle`,`size`,`pid`,`oneimg`,`twoimg`,`threeimg`,`groupid`,`uid`,`time`)VALUES('947249D87CD91B3746A8528B3EDB47BC','0','0','1380#','床','','37828183E601525FC50E6C44A6246DD0','5B09C7777529B81E9B217732BB4D1532/25D117CB339878B72670755574FD1BE1.jpg','5B09C7777529B81E9B217732BB4D1532/C866CC75FB69E1A808896B86F8D1C7EA.jpg','','5B09C7777529B81E9B217732BB4D1532','1','1422612774');#END#


INSERT INTO app_pro(`guid`,`sort`,`status`,`title`,`entitle`,`size`,`pid`,`oneimg`,`twoimg`,`threeimg`,`groupid`,`uid`,`time`)VALUES('016774825CFE2801D50297A32CF2D9E1','0','0','1373#','床','','37828183E601525FC50E6C44A6246DD0','5B09C7777529B81E9B217732BB4D1532/E5E917DA7D70CE905DC0043B1E829891.jpg','5B09C7777529B81E9B217732BB4D1532/2E132117EFC00D3F57569E631851769D.jpg','','5B09C7777529B81E9B217732BB4D1532','1','1422612774');#END#


INSERT INTO app_pro(`guid`,`sort`,`status`,`title`,`entitle`,`size`,`pid`,`oneimg`,`twoimg`,`threeimg`,`groupid`,`uid`,`time`)VALUES('CBCB42A8D62A54A0FAE80A83578EC843','0','0','F1319#','床','','37828183E601525FC50E6C44A6246DD0','5B09C7777529B81E9B217732BB4D1532/2CBA6FB107E101A1FD8E9EC5D46B7521.jpg','5B09C7777529B81E9B217732BB4D1532/B01F425D0EA55DD7EEB6660EC7E7B7BC.jpg','','5B09C7777529B81E9B217732BB4D1532','1','1422612774');#END#


INSERT INTO app_pro(`guid`,`sort`,`status`,`title`,`entitle`,`size`,`pid`,`oneimg`,`twoimg`,`threeimg`,`groupid`,`uid`,`time`)VALUES('9EE70DF19788BAC214B91F6C09AE922F','0','0','F1216#','床','','37828183E601525FC50E6C44A6246DD0','5B09C7777529B81E9B217732BB4D1532/8A0A2A6F08A1F4A75C8E4EB919478613.jpg','5B09C7777529B81E9B217732BB4D1532/38A56229AF860561B2BDB570BBB147A0.jpg','','5B09C7777529B81E9B217732BB4D1532','1','1422612774');#END#


INSERT INTO app_pro(`guid`,`sort`,`status`,`title`,`entitle`,`size`,`pid`,`oneimg`,`twoimg`,`threeimg`,`groupid`,`uid`,`time`)VALUES('9D642BA5477850A0DE9B2A8128F551DE','0','0','F9088B#','床','245X220X85','37828183E601525FC50E6C44A6246DD0','5B09C7777529B81E9B217732BB4D1532/81EF22425E35BCC2E4174074033A92ED.jpg','5B09C7777529B81E9B217732BB4D1532/638B1E18DE526FAA8FE376F1476D2B07.jpg','','5B09C7777529B81E9B217732BB4D1532','1','1422612774');#END#


INSERT INTO app_pro(`guid`,`sort`,`status`,`title`,`entitle`,`size`,`pid`,`oneimg`,`twoimg`,`threeimg`,`groupid`,`uid`,`time`)VALUES('506B2982F788590216A15038DB414AA4','0','0','F1809#','床','248X205X95','37828183E601525FC50E6C44A6246DD0','5B09C7777529B81E9B217732BB4D1532/AFE0E5DC1AEFB195A2968D4E418331C9.jpg','5B09C7777529B81E9B217732BB4D1532/8FA9F11697167B67ABA4A9A407CCA62B.jpg','','5B09C7777529B81E9B217732BB4D1532','1','1422612774');#END#


INSERT INTO app_pro(`guid`,`sort`,`status`,`title`,`entitle`,`size`,`pid`,`oneimg`,`twoimg`,`threeimg`,`groupid`,`uid`,`time`)VALUES('756BC740DB38A6F933880BBA18F7D419','0','0','F1808#','床','255X217X98','37828183E601525FC50E6C44A6246DD0','5B09C7777529B81E9B217732BB4D1532/ED8970598B5284F34DEF54C54F4857BB.jpg','5B09C7777529B81E9B217732BB4D1532/D405E155F4C9C3A65E17019D95516BDC.jpg','','5B09C7777529B81E9B217732BB4D1532','1','1422612774');#END#


INSERT INTO app_pro(`guid`,`sort`,`status`,`title`,`entitle`,`size`,`pid`,`oneimg`,`twoimg`,`threeimg`,`groupid`,`uid`,`time`)VALUES('BB2487A4AB18418AC8260BCDA08B3402','0','0','F1807#','床','245X203X91','37828183E601525FC50E6C44A6246DD0','5B09C7777529B81E9B217732BB4D1532/4A276C2247CF505D548EDF326F9CCC2E.jpg','5B09C7777529B81E9B217732BB4D1532/C1CCB05995A8661ABCCF8759B8C9C9F1.jpg','','5B09C7777529B81E9B217732BB4D1532','1','1422612774');#END#


INSERT INTO app_pro(`guid`,`sort`,`status`,`title`,`entitle`,`size`,`pid`,`oneimg`,`twoimg`,`threeimg`,`groupid`,`uid`,`time`)VALUES('A20AFCDE5EADC3254FE211D3EBF1912F','0','0','F1806#','床','249X200X96','37828183E601525FC50E6C44A6246DD0','5B09C7777529B81E9B217732BB4D1532/05677B1E1310B9D03367E42ED3275AEF.jpg','5B09C7777529B81E9B217732BB4D1532/87CA2585459958959355C77FF51569D0.jpg','','5B09C7777529B81E9B217732BB4D1532','1','1422612774');#END#


INSERT INTO app_pro(`guid`,`sort`,`status`,`title`,`entitle`,`size`,`pid`,`oneimg`,`twoimg`,`threeimg`,`groupid`,`uid`,`time`)VALUES('BE7DD17D26E354EE952E3B3C9D8FB8A1','0','0','F1805#','床','236X200X90','37828183E601525FC50E6C44A6246DD0','5B09C7777529B81E9B217732BB4D1532/9F5C47774CA48D0C9950AA4AB075DAA5.jpg','5B09C7777529B81E9B217732BB4D1532/B95B588AAAE1F6F0F0CC84EA7AF02F55.jpg','','5B09C7777529B81E9B217732BB4D1532','1','1422612774');#END#


INSERT INTO app_pro(`guid`,`sort`,`status`,`title`,`entitle`,`size`,`pid`,`oneimg`,`twoimg`,`threeimg`,`groupid`,`uid`,`time`)VALUES('3A3CBA88E6514B12347B25D30466C2EC','0','0','F1802#','床','249X209X88','37828183E601525FC50E6C44A6246DD0','5B09C7777529B81E9B217732BB4D1532/B04BD4C5E7C470A22439E6B8D57F9F24.jpg','5B09C7777529B81E9B217732BB4D1532/FE11AD14BC95E163CACA76C6C4D79917.jpg','','5B09C7777529B81E9B217732BB4D1532','1','1422612774');#END#


INSERT INTO app_pro(`guid`,`sort`,`status`,`title`,`entitle`,`size`,`pid`,`oneimg`,`twoimg`,`threeimg`,`groupid`,`uid`,`time`)VALUES('AA14465C1ACADCFBCA8B454450200ACA','0','0','F1801#','床','220X233X96','37828183E601525FC50E6C44A6246DD0','5B09C7777529B81E9B217732BB4D1532/0933C27A824D57B164CC011EF0047689.jpg','5B09C7777529B81E9B217732BB4D1532/039F44D7E7CB13388F564789FE12DB66.jpg','','5B09C7777529B81E9B217732BB4D1532','1','1422612774');#END#


INSERT INTO app_pro(`guid`,`sort`,`status`,`title`,`entitle`,`size`,`pid`,`oneimg`,`twoimg`,`threeimg`,`groupid`,`uid`,`time`)VALUES('D769C76269080FEE920D6C26452D6756','0','0','F1379#','床','300X265X95','37828183E601525FC50E6C44A6246DD0','5B09C7777529B81E9B217732BB4D1532/A7691563364F3EF7C7965B8D9A7115AD.jpg','5B09C7777529B81E9B217732BB4D1532/667782C5FDEE77C24BC6905E25494973.jpg','','5B09C7777529B81E9B217732BB4D1532','1','1422612774');#END#


INSERT INTO app_pro(`guid`,`sort`,`status`,`title`,`entitle`,`size`,`pid`,`oneimg`,`twoimg`,`threeimg`,`groupid`,`uid`,`time`)VALUES('07301F51A418109A20DC2DD0EF7ADFAB','0','0','F1377#','床','235X233X96','37828183E601525FC50E6C44A6246DD0','5B09C7777529B81E9B217732BB4D1532/1CDBAFB95AA70372A08AE7014093CA68.jpg','5B09C7777529B81E9B217732BB4D1532/42A5F56B512B7075B33B46AAFD5278C5.jpg','','5B09C7777529B81E9B217732BB4D1532','1','1422612774');#END#


INSERT INTO app_pro(`guid`,`sort`,`status`,`title`,`entitle`,`size`,`pid`,`oneimg`,`twoimg`,`threeimg`,`groupid`,`uid`,`time`)VALUES('1B02422B1288F7FD9A4CEDB5EC232577','0','0','F1316#','床','223X211X94','37828183E601525FC50E6C44A6246DD0','5B09C7777529B81E9B217732BB4D1532/FF1AFD672C31E1C9C8E1AC9E2AB8D760.jpg','5B09C7777529B81E9B217732BB4D1532/D56FF47F92E75DACBC2F6243F4D5D971.jpg','','5B09C7777529B81E9B217732BB4D1532','1','1422612774');#END#


INSERT INTO app_pro(`guid`,`sort`,`status`,`title`,`entitle`,`size`,`pid`,`oneimg`,`twoimg`,`threeimg`,`groupid`,`uid`,`time`)VALUES('6537B5CEA29B4C1D4E1F757917D7193F','0','0','F1216B#','床','225X233X86','37828183E601525FC50E6C44A6246DD0','5B09C7777529B81E9B217732BB4D1532/C8D805642AB0774995B4AA7BFC8C8178.jpg','5B09C7777529B81E9B217732BB4D1532/ABB13333C43142ACB6984E5C90D4B3CB.jpg','','5B09C7777529B81E9B217732BB4D1532','1','1422612774');#END#


INSERT INTO app_pro(`guid`,`sort`,`status`,`title`,`entitle`,`size`,`pid`,`oneimg`,`twoimg`,`threeimg`,`groupid`,`uid`,`time`)VALUES('358EA6BF0CD34D73E33868088B77D566','0','0','F1213#','床','258X212X100','37828183E601525FC50E6C44A6246DD0','5B09C7777529B81E9B217732BB4D1532/43DC9DB7C7717AB98105553F7246CF87.jpg','5B09C7777529B81E9B217732BB4D1532/E99E408CBBE32C5B7C49EF800068725F.jpg','','5B09C7777529B81E9B217732BB4D1532','1','1422612774');#END#


INSERT INTO app_pro(`guid`,`sort`,`status`,`title`,`entitle`,`size`,`pid`,`oneimg`,`twoimg`,`threeimg`,`groupid`,`uid`,`time`)VALUES('B9FAEEC8F9FF1A6258C289B920E3C1CE','0','0','F1118#','床','250X220X90','37828183E601525FC50E6C44A6246DD0','5B09C7777529B81E9B217732BB4D1532/8C3F646B2A518044127194079661ACBB.jpg','5B09C7777529B81E9B217732BB4D1532/AFDF3CE9FE03F32A6B6D1010553A87CE.jpg','','5B09C7777529B81E9B217732BB4D1532','1','1422612774');#END#


INSERT INTO app_pro(`guid`,`sort`,`status`,`title`,`entitle`,`size`,`pid`,`oneimg`,`twoimg`,`threeimg`,`groupid`,`uid`,`time`)VALUES('52494CF0DF8441CE6909703E26AB53DF','0','0','F1101#','床','255X210X80','37828183E601525FC50E6C44A6246DD0','5B09C7777529B81E9B217732BB4D1532/40A450F8DA482400CBDBE3BC2A20B3D6.jpg','5B09C7777529B81E9B217732BB4D1532/FEF6CA4A0D2849CD05468A7FEA6F374C.jpg','','5B09C7777529B81E9B217732BB4D1532','1','1422612774');#END#


INSERT INTO app_pro(`guid`,`sort`,`status`,`title`,`entitle`,`size`,`pid`,`oneimg`,`twoimg`,`threeimg`,`groupid`,`uid`,`time`)VALUES('20823D2FD2B2A75A846FEC0C86BEBBFA','0','0','F900#','床','290X270X90','37828183E601525FC50E6C44A6246DD0','5B09C7777529B81E9B217732BB4D1532/A075BACBC390B0449AF26D5D1524BB66.jpg','5B09C7777529B81E9B217732BB4D1532/D34A4FAABCB3F3A075CFCC2F7351234A.jpg','','5B09C7777529B81E9B217732BB4D1532','1','1422612774');#END#


INSERT INTO app_pro(`guid`,`sort`,`status`,`title`,`entitle`,`size`,`pid`,`oneimg`,`twoimg`,`threeimg`,`groupid`,`uid`,`time`)VALUES('CC932A9C6F1792410607134E980239B4','0','0','M7092','床','250X230X84','37828183E601525FC50E6C44A6246DD0','5B09C7777529B81E9B217732BB4D1532/50BC3311D324C5DE3057A20AAE7F7B75.jpg','5B09C7777529B81E9B217732BB4D1532/286DAA435E6B2EC8B899E11F018128AA.jpg','','5B09C7777529B81E9B217732BB4D1532','1','1422612774');#END#


INSERT INTO app_pro(`guid`,`sort`,`status`,`title`,`entitle`,`size`,`pid`,`oneimg`,`twoimg`,`threeimg`,`groupid`,`uid`,`time`)VALUES('9D7B4208B7F77CA09E23AC1449BCE340','0','0','M1913','床','224X210X94','37828183E601525FC50E6C44A6246DD0','5B09C7777529B81E9B217732BB4D1532/905CB87C874894CC074D0A5B29AD0639.jpg','5B09C7777529B81E9B217732BB4D1532/ADD081317D41F06DD642A32DFD049A93.jpg','','5B09C7777529B81E9B217732BB4D1532','1','1422612774');#END#


INSERT INTO app_pro(`guid`,`sort`,`status`,`title`,`entitle`,`size`,`pid`,`oneimg`,`twoimg`,`threeimg`,`groupid`,`uid`,`time`)VALUES('9B1CAA0ACDA0FB4C48D0A031695422D7','0','0','M1912','床','230X202X92','37828183E601525FC50E6C44A6246DD0','5B09C7777529B81E9B217732BB4D1532/B84AA02B09DDC7E69F3F88C08AD450D7.jpg','5B09C7777529B81E9B217732BB4D1532/94886417055A8C9D5C28816F17074D48.jpg','','5B09C7777529B81E9B217732BB4D1532','1','1422612774');#END#


INSERT INTO app_pro(`guid`,`sort`,`status`,`title`,`entitle`,`size`,`pid`,`oneimg`,`twoimg`,`threeimg`,`groupid`,`uid`,`time`)VALUES('89E4BD84DAC0C1140221F573679BC805','0','0','M1911','床','216X195X103','37828183E601525FC50E6C44A6246DD0','5B09C7777529B81E9B217732BB4D1532/37D42A138A76503954A88CD09485059B.jpg','5B09C7777529B81E9B217732BB4D1532/2020C49B786652A51D6BC06BD0AEBC00.jpg','','5B09C7777529B81E9B217732BB4D1532','1','1422612774');#END#


INSERT INTO app_pro(`guid`,`sort`,`status`,`title`,`entitle`,`size`,`pid`,`oneimg`,`twoimg`,`threeimg`,`groupid`,`uid`,`time`)VALUES('F028D60B37FC457B1EEFC99803F6879B','0','0','M1908','床','246X200X86','37828183E601525FC50E6C44A6246DD0','5B09C7777529B81E9B217732BB4D1532/EDAD6DD27D6D0290A91D95DD5437ABF2.jpg','5B09C7777529B81E9B217732BB4D1532/FE6B386FAE4881BF8489BB3F6533DF4A.jpg','','5B09C7777529B81E9B217732BB4D1532','1','1422612774');#END#


INSERT INTO app_pro(`guid`,`sort`,`status`,`title`,`entitle`,`size`,`pid`,`oneimg`,`twoimg`,`threeimg`,`groupid`,`uid`,`time`)VALUES('63B2C7706ED19EFC6564032D4BFE0E7C','0','0','M1907','床','243X208X86','37828183E601525FC50E6C44A6246DD0','5B09C7777529B81E9B217732BB4D1532/559BCFBA1BFDF603FE9B5E772CDD2F53.jpg','5B09C7777529B81E9B217732BB4D1532/71986717CC44774410710A390B13B31C.jpg','','5B09C7777529B81E9B217732BB4D1532','1','1422612774');#END#


INSERT INTO app_pro(`guid`,`sort`,`status`,`title`,`entitle`,`size`,`pid`,`oneimg`,`twoimg`,`threeimg`,`groupid`,`uid`,`time`)VALUES('81DB9AA4CF3F85068ABA71724C9D2A4B','0','0','M1906','床','220X230X82','37828183E601525FC50E6C44A6246DD0','5B09C7777529B81E9B217732BB4D1532/3C9BFFD91F194E76D94B40EAD1E1D090.jpg','5B09C7777529B81E9B217732BB4D1532/E47C6A81E765A3D4FAB1C1168C5F5A9A.jpg','','5B09C7777529B81E9B217732BB4D1532','1','1422612774');#END#


INSERT INTO app_pro(`guid`,`sort`,`status`,`title`,`entitle`,`size`,`pid`,`oneimg`,`twoimg`,`threeimg`,`groupid`,`uid`,`time`)VALUES('4FF7FB68DD9A293D15EDD68C0E55B768','0','0','M1905','床','250X213X100','37828183E601525FC50E6C44A6246DD0','5B09C7777529B81E9B217732BB4D1532/DEB1C581FBD22B228FC8CCC4E5ECC4C5.jpg','5B09C7777529B81E9B217732BB4D1532/1EE823BBA58258EBFF21A52A8A1C337E.jpg','','5B09C7777529B81E9B217732BB4D1532','1','1422612774');#END#


INSERT INTO app_pro(`guid`,`sort`,`status`,`title`,`entitle`,`size`,`pid`,`oneimg`,`twoimg`,`threeimg`,`groupid`,`uid`,`time`)VALUES('1F4D9AF98100A44DE388B2DA853D0878','0','0','M1902','床','234X203X92','37828183E601525FC50E6C44A6246DD0','5B09C7777529B81E9B217732BB4D1532/BE37630F03043FD989D8D034CB67639A.jpg','5B09C7777529B81E9B217732BB4D1532/CF6CF1B704FF69289CCDDAB4AD1FD539.jpg','','5B09C7777529B81E9B217732BB4D1532','1','1422612774');#END#


INSERT INTO app_pro(`guid`,`sort`,`status`,`title`,`entitle`,`size`,`pid`,`oneimg`,`twoimg`,`threeimg`,`groupid`,`uid`,`time`)VALUES('73E4980EC02B6D453A1C58CF0C2BB2DC','0','0','M1901','床','228X230X97','37828183E601525FC50E6C44A6246DD0','5B09C7777529B81E9B217732BB4D1532/4C213EF62D410796DFDA922A9F1298DE.jpg','5B09C7777529B81E9B217732BB4D1532/9CE34B45A979426E1896C4CBA6827E59.jpg','','5B09C7777529B81E9B217732BB4D1532','1','1422612774');#END#


INSERT INTO app_pro(`guid`,`sort`,`status`,`title`,`entitle`,`size`,`pid`,`oneimg`,`twoimg`,`threeimg`,`groupid`,`uid`,`time`)VALUES('FE3781C6BD8B857D3602F787ABFF4D32','0','0','M1803','床','Φ260X88','37828183E601525FC50E6C44A6246DD0','5B09C7777529B81E9B217732BB4D1532/108F638D22E2868BF0591735214D73B0.jpg','5B09C7777529B81E9B217732BB4D1532/2B63E9E2706314BEAD4DC531B7A1AD4D.jpg','','5B09C7777529B81E9B217732BB4D1532','1','1422612774');#END#


INSERT INTO app_pro(`guid`,`sort`,`status`,`title`,`entitle`,`size`,`pid`,`oneimg`,`twoimg`,`threeimg`,`groupid`,`uid`,`time`)VALUES('26F2A8AD0D7877BCAAFAA38F05D18600','0','0','M1382','床','238X200X75','37828183E601525FC50E6C44A6246DD0','5B09C7777529B81E9B217732BB4D1532/B72302950EFAE9D1DE01DFC7429A0546.jpg','5B09C7777529B81E9B217732BB4D1532/CEF601D0AF4BCCABF68B37575FD3DF4A.jpg','','5B09C7777529B81E9B217732BB4D1532','1','1422612774');#END#


INSERT INTO app_pro(`guid`,`sort`,`status`,`title`,`entitle`,`size`,`pid`,`oneimg`,`twoimg`,`threeimg`,`groupid`,`uid`,`time`)VALUES('DA125D330F29E874D9D7C623C230D7C6','0','0','MF-01','床','2430X2120X970','37828183E601525FC50E6C44A6246DD0','5B09C7777529B81E9B217732BB4D1532/C490CBD82A7E70B204DACA2CCC68C50B.jpg','5B09C7777529B81E9B217732BB4D1532/91A7E2979754395D6601A9ACD32D7720.jpg','','5B09C7777529B81E9B217732BB4D1532','1','1422612774');#END#


INSERT INTO app_pro(`guid`,`sort`,`status`,`title`,`entitle`,`size`,`pid`,`oneimg`,`twoimg`,`threeimg`,`groupid`,`uid`,`time`)VALUES('60AC68720B2BDAF25A3ECF2B5E66ED0E','0','0','MF-02','床','2440X2190X970','37828183E601525FC50E6C44A6246DD0','5B09C7777529B81E9B217732BB4D1532/E131B3397816B4194286C534C530E5D0.jpg','5B09C7777529B81E9B217732BB4D1532/38A058F03FB1B7FCDA8C861C3992BE2C.jpg','','5B09C7777529B81E9B217732BB4D1532','1','1422612774');#END#


INSERT INTO app_pro(`guid`,`sort`,`status`,`title`,`entitle`,`size`,`pid`,`oneimg`,`twoimg`,`threeimg`,`groupid`,`uid`,`time`)VALUES('DFF0FA50A8AC6B98D8C1D1E3BF90301E','0','0','MF-03','床','2450X2060X900','37828183E601525FC50E6C44A6246DD0','5B09C7777529B81E9B217732BB4D1532/8AF21B47FF86A11CE7BAD7631A7FE8FD.jpg','5B09C7777529B81E9B217732BB4D1532/D57F4C69B6D9B671D50E1523EA07F26C.jpg','','5B09C7777529B81E9B217732BB4D1532','1','1422612774');#END#


INSERT INTO app_pro(`guid`,`sort`,`status`,`title`,`entitle`,`size`,`pid`,`oneimg`,`twoimg`,`threeimg`,`groupid`,`uid`,`time`)VALUES('0178C504BCB5AAE5FB49A716A8BD451D','0','0','MF-06','床','2400X2150X950','37828183E601525FC50E6C44A6246DD0','5B09C7777529B81E9B217732BB4D1532/6E503C95342EF255C8D49026CBF70680.jpg','5B09C7777529B81E9B217732BB4D1532/6449D0B6ECFF91D3648275E8B889733E.jpg','','5B09C7777529B81E9B217732BB4D1532','1','1422612774');#END#


INSERT INTO app_pro(`guid`,`sort`,`status`,`title`,`entitle`,`size`,`pid`,`oneimg`,`twoimg`,`threeimg`,`groupid`,`uid`,`time`)VALUES('27D3DB5C323881B32D743DFF0AC3674A','0','0','MF-07','床','2430X2170X940','37828183E601525FC50E6C44A6246DD0','5B09C7777529B81E9B217732BB4D1532/B8E9B606EAD60F17A4DF143565C509FC.jpg','5B09C7777529B81E9B217732BB4D1532/7EF855EFFFB5D7D799AB86124BF112A2.jpg','','5B09C7777529B81E9B217732BB4D1532','1','1422612774');#END#


INSERT INTO app_pro(`guid`,`sort`,`status`,`title`,`entitle`,`size`,`pid`,`oneimg`,`twoimg`,`threeimg`,`groupid`,`uid`,`time`)VALUES('40C5EAE6FB0D2057A425214F34FC73F4','0','0','MF-08','床','2420X2540X1090','37828183E601525FC50E6C44A6246DD0','5B09C7777529B81E9B217732BB4D1532/065DA3DD4E9A00FB7FFB5B5ACF2DEBBB.jpg','5B09C7777529B81E9B217732BB4D1532/278F9832686FD88B72874E3DC8D61E8D.jpg','','5B09C7777529B81E9B217732BB4D1532','1','1422612774');#END#


INSERT INTO app_pro(`guid`,`sort`,`status`,`title`,`entitle`,`size`,`pid`,`oneimg`,`twoimg`,`threeimg`,`groupid`,`uid`,`time`)VALUES('55C590206113D2124B6249F68B1D30B8','0','0','MF-09','床','','37828183E601525FC50E6C44A6246DD0','5B09C7777529B81E9B217732BB4D1532/A7662708EC2CD651492B6C3D6FCC237C.jpg','5B09C7777529B81E9B217732BB4D1532/6CE214C89A2EAE1F939AC3E74F1D1803.jpg','','5B09C7777529B81E9B217732BB4D1532','1','1422612774');#END#


INSERT INTO app_pro(`guid`,`sort`,`status`,`title`,`entitle`,`size`,`pid`,`oneimg`,`twoimg`,`threeimg`,`groupid`,`uid`,`time`)VALUES('15844A71033C4A4BE63D5F9D9B061764','0','0','MF-11','床','2400X1990X970','37828183E601525FC50E6C44A6246DD0','5B09C7777529B81E9B217732BB4D1532/28827AA20585707A37769CD4DB354B9F.jpg','5B09C7777529B81E9B217732BB4D1532/0B1D981137E5D116EDF0CBAAFA418C8A.jpg','','5B09C7777529B81E9B217732BB4D1532','1','1422612774');#END#


INSERT INTO app_pro(`guid`,`sort`,`status`,`title`,`entitle`,`size`,`pid`,`oneimg`,`twoimg`,`threeimg`,`groupid`,`uid`,`time`)VALUES('BD3B528492CABA67826B89D97EA3FF86','0','0','MF-12','床','2260X1970X1040','37828183E601525FC50E6C44A6246DD0','5B09C7777529B81E9B217732BB4D1532/E5708975C737EDFC94EF3D88ADF93481.jpg','5B09C7777529B81E9B217732BB4D1532/C58C913843D10F10552B29741583DFED.jpg','','5B09C7777529B81E9B217732BB4D1532','1','1422612774');#END#


INSERT INTO app_pro(`guid`,`sort`,`status`,`title`,`entitle`,`size`,`pid`,`oneimg`,`twoimg`,`threeimg`,`groupid`,`uid`,`time`)VALUES('D27EDB44F846CF293528B74AD0EA758D','0','0','MF-13','床','','37828183E601525FC50E6C44A6246DD0','5B09C7777529B81E9B217732BB4D1532/E7F828F3CBF7A87BD6052087E6AF3851.jpg','5B09C7777529B81E9B217732BB4D1532/08159666A05B0F10EC689EC198DFEAEA.jpg','','5B09C7777529B81E9B217732BB4D1532','1','1422612774');#END#


INSERT INTO app_pro(`guid`,`sort`,`status`,`title`,`entitle`,`size`,`pid`,`oneimg`,`twoimg`,`threeimg`,`groupid`,`uid`,`time`)VALUES('9BE81FBEC1FDE8A04B9D9F3342723D50','0','0','MF-16','床','2440X2170X950','37828183E601525FC50E6C44A6246DD0','5B09C7777529B81E9B217732BB4D1532/9999F101589223ABD747AF91418C0A09.jpg','5B09C7777529B81E9B217732BB4D1532/167B21AE20C82BBEBBB4F8611FAE87A6.jpg','','5B09C7777529B81E9B217732BB4D1532','1','1422612774');#END#


INSERT INTO app_pro(`guid`,`sort`,`status`,`title`,`entitle`,`size`,`pid`,`oneimg`,`twoimg`,`threeimg`,`groupid`,`uid`,`time`)VALUES('20B335280251B1109065F42E73598F78','0','0','MF-17','床','2340X2200X900','37828183E601525FC50E6C44A6246DD0','5B09C7777529B81E9B217732BB4D1532/ABE43E6F5A7A4D6208F480A6E42C804A.jpg','5B09C7777529B81E9B217732BB4D1532/081616389A93E321E8DB54EF57FCB60A.jpg','','5B09C7777529B81E9B217732BB4D1532','1','1422612774');#END#


INSERT INTO app_pro(`guid`,`sort`,`status`,`title`,`entitle`,`size`,`pid`,`oneimg`,`twoimg`,`threeimg`,`groupid`,`uid`,`time`)VALUES('E11BAF5A8AD42119BA3D0966AFC72252','0','0','MF-18','床','','37828183E601525FC50E6C44A6246DD0','5B09C7777529B81E9B217732BB4D1532/CF5B9972E3480B9741EE41BE65F1175A.jpg','5B09C7777529B81E9B217732BB4D1532/86F8145D1BF1A72912B5CFDAC55BA4FE.jpg','','5B09C7777529B81E9B217732BB4D1532','1','1422612774');#END#


INSERT INTO app_pro(`guid`,`sort`,`status`,`title`,`entitle`,`size`,`pid`,`oneimg`,`twoimg`,`threeimg`,`groupid`,`uid`,`time`)VALUES('A5F4898C224512FE5FB9518AD97E2346','0','0','MF-19','床','2460X2160X980','37828183E601525FC50E6C44A6246DD0','5B09C7777529B81E9B217732BB4D1532/35A769F46C7E8F09D63F81CE2C14F12B.jpg','5B09C7777529B81E9B217732BB4D1532/6E2B12A54BDD359E2D5DCD01C3479D64.jpg','','5B09C7777529B81E9B217732BB4D1532','1','1422612774');#END#


INSERT INTO app_pro(`guid`,`sort`,`status`,`title`,`entitle`,`size`,`pid`,`oneimg`,`twoimg`,`threeimg`,`groupid`,`uid`,`time`)VALUES('93613001A23A43D9EEE31C536900A718','0','0','MF-20','床','','37828183E601525FC50E6C44A6246DD0','5B09C7777529B81E9B217732BB4D1532/D0E4533336BA7F7545DBAA8EA6EABF09.jpg','5B09C7777529B81E9B217732BB4D1532/78BE1228A7A875AD007A94A9A05FC9D7.jpg','','5B09C7777529B81E9B217732BB4D1532','1','1422612774');#END#


INSERT INTO app_pro(`guid`,`sort`,`status`,`title`,`entitle`,`size`,`pid`,`oneimg`,`twoimg`,`threeimg`,`groupid`,`uid`,`time`)VALUES('037890BABFF6212C7DF6179DEB51DE04','0','0','MA906','床垫','180X200','8AF2E2E420A50676E39067A7A8952EDB','5B09C7777529B81E9B217732BB4D1532/16BE625686F93A1D97B07AB5B7FD89B1.jpg','5B09C7777529B81E9B217732BB4D1532/669A1DFE735B4AACCE3D468EFB54F20B.jpg','','5B09C7777529B81E9B217732BB4D1532','1','1422612774');#END#


INSERT INTO app_pro(`guid`,`sort`,`status`,`title`,`entitle`,`size`,`pid`,`oneimg`,`twoimg`,`threeimg`,`groupid`,`uid`,`time`)VALUES('66AD3C26AF3CB9D5DC1CF6DA4FD5CD3A','0','0','M352','床垫','180X200','8AF2E2E420A50676E39067A7A8952EDB','5B09C7777529B81E9B217732BB4D1532/A2C21B8A86EFDE0B50E1C91FF9EE709D.jpg','5B09C7777529B81E9B217732BB4D1532/DD7DD24AAF653ED55452317E5267938C.jpg','','5B09C7777529B81E9B217732BB4D1532','1','1422612774');#END#


INSERT INTO app_pro(`guid`,`sort`,`status`,`title`,`entitle`,`size`,`pid`,`oneimg`,`twoimg`,`threeimg`,`groupid`,`uid`,`time`)VALUES('12A7D8459950C9D2309AB937167E1EB0','0','0','M328A','床垫','180X200','8AF2E2E420A50676E39067A7A8952EDB','5B09C7777529B81E9B217732BB4D1532/F3A1708F8572452D50E74B8F8ADC2B28.jpg','5B09C7777529B81E9B217732BB4D1532/3470041A62E40689432A72BB5CBA02AF.jpg','','5B09C7777529B81E9B217732BB4D1532','1','1422612774');#END#


INSERT INTO app_pro(`guid`,`sort`,`status`,`title`,`entitle`,`size`,`pid`,`oneimg`,`twoimg`,`threeimg`,`groupid`,`uid`,`time`)VALUES('3C464E6EA8A9C73BEA6D32907E237223','0','0','M209A','床垫','180X200','8AF2E2E420A50676E39067A7A8952EDB','5B09C7777529B81E9B217732BB4D1532/C4F3C9FEDB0614C25C38DB40E97067D3.jpg','5B09C7777529B81E9B217732BB4D1532/23E9B23548B2A88F9E0FEE693812A2CC.jpg','','5B09C7777529B81E9B217732BB4D1532','1','1422612774');#END#


INSERT INTO app_pro(`guid`,`sort`,`status`,`title`,`entitle`,`size`,`pid`,`oneimg`,`twoimg`,`threeimg`,`groupid`,`uid`,`time`)VALUES('28FF8AADE1ED3DA574D0BC4E977CF80F','0','0','M16','床垫','180X200','8AF2E2E420A50676E39067A7A8952EDB','5B09C7777529B81E9B217732BB4D1532/408B439222408DA7AC3B092DD38DAC99.jpg','5B09C7777529B81E9B217732BB4D1532/CCFFEB98CA4C02975F779076EA2F2ADD.jpg','','5B09C7777529B81E9B217732BB4D1532','1','1422612774');#END#


INSERT INTO app_pro(`guid`,`sort`,`status`,`title`,`entitle`,`size`,`pid`,`oneimg`,`twoimg`,`threeimg`,`groupid`,`uid`,`time`)VALUES('FBAF55631C793DF8DA48BB72DFCB5957','0','0','M07','床垫','180X200','8AF2E2E420A50676E39067A7A8952EDB','5B09C7777529B81E9B217732BB4D1532/BFACA2BC94758A8E6FEF0D8ED25EB3A6.jpg','5B09C7777529B81E9B217732BB4D1532/6983A0E98D6B4AED51E31BFDF782DA5D.jpg','','5B09C7777529B81E9B217732BB4D1532','1','1422612774');#END#


INSERT INTO app_pro(`guid`,`sort`,`status`,`title`,`entitle`,`size`,`pid`,`oneimg`,`twoimg`,`threeimg`,`groupid`,`uid`,`time`)VALUES('52FBC63D3AC0CA6C264380E3B2614811','0','0','M05','床垫','180X200','8AF2E2E420A50676E39067A7A8952EDB','5B09C7777529B81E9B217732BB4D1532/8DE05B6E121266907D1F0D2174755505.jpg','5B09C7777529B81E9B217732BB4D1532/E1EDAD6A929934CB9A4AFBA90BCF9926.jpg','','5B09C7777529B81E9B217732BB4D1532','1','1422612774');#END#


INSERT INTO app_pro(`guid`,`sort`,`status`,`title`,`entitle`,`size`,`pid`,`oneimg`,`twoimg`,`threeimg`,`groupid`,`uid`,`time`)VALUES('7B767FDBC9A29D756744FF40EC1F2DD5','0','0','M04','床垫','180X200','8AF2E2E420A50676E39067A7A8952EDB','5B09C7777529B81E9B217732BB4D1532/B6A7FBE5BC5B37E55CAD67F6BA2F6DA9.jpg','5B09C7777529B81E9B217732BB4D1532/4BF75ABFCED610DFBE7270E79F4D9CD1.jpg','','5B09C7777529B81E9B217732BB4D1532','1','1422612774');#END#


INSERT INTO app_pro(`guid`,`sort`,`status`,`title`,`entitle`,`size`,`pid`,`oneimg`,`twoimg`,`threeimg`,`groupid`,`uid`,`time`)VALUES('574A1FCDB9B3F629E4F415EC12E894EA','0','0','M3D-3','床垫','180X200','8AF2E2E420A50676E39067A7A8952EDB','5B09C7777529B81E9B217732BB4D1532/1142FBC3081F0B0FFE8666D4DA0EE79A.jpg','5B09C7777529B81E9B217732BB4D1532/D32FD05D9A4C0773AAC6F87DC825D488.jpg','','5B09C7777529B81E9B217732BB4D1532','1','1422612774');#END#


INSERT INTO app_pro(`guid`,`sort`,`status`,`title`,`entitle`,`size`,`pid`,`oneimg`,`twoimg`,`threeimg`,`groupid`,`uid`,`time`)VALUES('BF142D1E615CE92701499F26CBFEF9F9','0','0','M3D-1','床垫','180X200','8AF2E2E420A50676E39067A7A8952EDB','5B09C7777529B81E9B217732BB4D1532/5B45F141C3DC7C4F854CAAECF3952282.jpg','5B09C7777529B81E9B217732BB4D1532/704078D7B735478BF78D138D5245B4DE.jpg','','5B09C7777529B81E9B217732BB4D1532','1','1422612774');#END#


INSERT INTO app_pro(`guid`,`sort`,`status`,`title`,`entitle`,`size`,`pid`,`oneimg`,`twoimg`,`threeimg`,`groupid`,`uid`,`time`)VALUES('680A0E58090882163611E98187762FCB','0','0','M03','床垫','180X200','8AF2E2E420A50676E39067A7A8952EDB','5B09C7777529B81E9B217732BB4D1532/59B5FA8BE8461B6B983014EE78FF839C.jpg','5B09C7777529B81E9B217732BB4D1532/55EF65397EFF6FDCA4F36D7AA616A39F.jpg','','5B09C7777529B81E9B217732BB4D1532','1','1422612774');#END#


INSERT INTO app_pro(`guid`,`sort`,`status`,`title`,`entitle`,`size`,`pid`,`oneimg`,`twoimg`,`threeimg`,`groupid`,`uid`,`time`)VALUES('8A88017B49442A1E4D6545544538E8DF','0','0','A07B','床垫','180X200','8AF2E2E420A50676E39067A7A8952EDB','5B09C7777529B81E9B217732BB4D1532/2C48B1B48B9C396BFD86511BA8024C22.jpg','5B09C7777529B81E9B217732BB4D1532/383793F0C883B032CEA481D5B3418AAC.jpg','','5B09C7777529B81E9B217732BB4D1532','1','1422612774');#END#


INSERT INTO app_pro(`guid`,`sort`,`status`,`title`,`entitle`,`size`,`pid`,`oneimg`,`twoimg`,`threeimg`,`groupid`,`uid`,`time`)VALUES('2518AA47FCE0EE978DD448DB3028E90C','0','0','A01B','床垫','180X200','8AF2E2E420A50676E39067A7A8952EDB','5B09C7777529B81E9B217732BB4D1532/1D8F76E18B4379A36326F3D6E3B7408F.jpg','5B09C7777529B81E9B217732BB4D1532/98270483ED6FFAF96B538550B337D46C.jpg','','5B09C7777529B81E9B217732BB4D1532','1','1422612774');#END#


INSERT INTO app_pro(`guid`,`sort`,`status`,`title`,`entitle`,`size`,`pid`,`oneimg`,`twoimg`,`threeimg`,`groupid`,`uid`,`time`)VALUES('3870655162862CCCA64FB744D0AD14AE','0','0','M09-12','床垫','180X200','8AF2E2E420A50676E39067A7A8952EDB','5B09C7777529B81E9B217732BB4D1532/B1D8676B1D3D51BF70B4FC45ECF75E96.jpg','5B09C7777529B81E9B217732BB4D1532/96976A76A0C0739E98BB6ECB70309A18.jpg','','5B09C7777529B81E9B217732BB4D1532','1','1422612774');#END#


INSERT INTO app_pro(`guid`,`sort`,`status`,`title`,`entitle`,`size`,`pid`,`oneimg`,`twoimg`,`threeimg`,`groupid`,`uid`,`time`)VALUES('A975C7C17F7C2463A95E75019AB6F35E','0','0','M09-23','床垫','180X200','8AF2E2E420A50676E39067A7A8952EDB','5B09C7777529B81E9B217732BB4D1532/96F11E4557D9033BA4B7B7607FD5A952.jpg','5B09C7777529B81E9B217732BB4D1532/27E691A9F8815E384349E5116BED3C74.jpg','','5B09C7777529B81E9B217732BB4D1532','1','1422612774');#END#


INSERT INTO app_pro(`guid`,`sort`,`status`,`title`,`entitle`,`size`,`pid`,`oneimg`,`twoimg`,`threeimg`,`groupid`,`uid`,`time`)VALUES('E57168BAC9C8BA05C1630A3CF679F845','0','0','M205','床垫','180X200','8AF2E2E420A50676E39067A7A8952EDB','5B09C7777529B81E9B217732BB4D1532/5E5575755F3CD333FFFFE62A5994D2B9.jpg','5B09C7777529B81E9B217732BB4D1532/6EFA64F388E4E182BFC6ADD806454CDB.jpg','','5B09C7777529B81E9B217732BB4D1532','1','1422612774');#END#


INSERT INTO app_pro(`guid`,`sort`,`status`,`title`,`entitle`,`size`,`pid`,`oneimg`,`twoimg`,`threeimg`,`groupid`,`uid`,`time`)VALUES('066855C20FD0DCC3F761FBE0E709F548','0','0','M217','床垫','180X200','8AF2E2E420A50676E39067A7A8952EDB','5B09C7777529B81E9B217732BB4D1532/1C51AF820C93E76A9B8A7A0E23F82C16.jpg','5B09C7777529B81E9B217732BB4D1532/BAA7A4CB892B7DB2220739B1AD0DC21F.jpg','','5B09C7777529B81E9B217732BB4D1532','1','1422612774');#END#


INSERT INTO app_pro(`guid`,`sort`,`status`,`title`,`entitle`,`size`,`pid`,`oneimg`,`twoimg`,`threeimg`,`groupid`,`uid`,`time`)VALUES('923655CB55970AA8A432302E5E22C115','0','0','M219','床垫','180X200','8AF2E2E420A50676E39067A7A8952EDB','5B09C7777529B81E9B217732BB4D1532/972786C9813067E0446635BC536EDA4A.jpg','5B09C7777529B81E9B217732BB4D1532/6FC27628F45E65AF504FD1785E5C7AE6.jpg','','5B09C7777529B81E9B217732BB4D1532','1','1422612774');#END#


INSERT INTO app_pro(`guid`,`sort`,`status`,`title`,`entitle`,`size`,`pid`,`oneimg`,`twoimg`,`threeimg`,`groupid`,`uid`,`time`)VALUES('BD3D89E14E0D293E4F6ACF295670C027','0','0','M303','床垫','180X200','8AF2E2E420A50676E39067A7A8952EDB','5B09C7777529B81E9B217732BB4D1532/DF62BA2299E9943B88ACC7E34AD0BD49.jpg','5B09C7777529B81E9B217732BB4D1532/9F5D982048EDA79E23FBC262A943F294.jpg','','5B09C7777529B81E9B217732BB4D1532','1','1422612774');#END#


INSERT INTO app_pro(`guid`,`sort`,`status`,`title`,`entitle`,`size`,`pid`,`oneimg`,`twoimg`,`threeimg`,`groupid`,`uid`,`time`)VALUES('66E15585F8EE7CB99287DADC778F1461','0','0','M356','床垫','180X200','8AF2E2E420A50676E39067A7A8952EDB','5B09C7777529B81E9B217732BB4D1532/0E5AE5B378F4421977563DC6540EFDF3.jpg','5B09C7777529B81E9B217732BB4D1532/05984504CA51E719FC0B0404215A5D80.jpg','','5B09C7777529B81E9B217732BB4D1532','1','1422612774');#END#


INSERT INTO app_pro(`guid`,`sort`,`status`,`title`,`entitle`,`size`,`pid`,`oneimg`,`twoimg`,`threeimg`,`groupid`,`uid`,`time`)VALUES('95D85A20BAE3BF7C31A472610E2DFBE3','0','0','M336','床垫','180X200','8AF2E2E420A50676E39067A7A8952EDB','5B09C7777529B81E9B217732BB4D1532/D1315C8EA6992CABAFBF129A52CEB9B0.jpg','5B09C7777529B81E9B217732BB4D1532/AFA10AB07D266632B49A4676F4C2AAA0.jpg','','5B09C7777529B81E9B217732BB4D1532','1','1422612774');#END#


INSERT INTO app_pro(`guid`,`sort`,`status`,`title`,`entitle`,`size`,`pid`,`oneimg`,`twoimg`,`threeimg`,`groupid`,`uid`,`time`)VALUES('085459B7E478CB3D685ACBF0F95E16CF','0','0','SCH090','床','','DC2620A3FAE3605FBDAECF5865D76C3A','5B09C7777529B81E9B217732BB4D1532/B47FEB7227687292D66F2AE6188DB781.jpg','5B09C7777529B81E9B217732BB4D1532/2F4809BFF31193937B508E0A0DB21708.jpg','','5B09C7777529B81E9B217732BB4D1532','1','1422612774');#END#


INSERT INTO app_pro(`guid`,`sort`,`status`,`title`,`entitle`,`size`,`pid`,`oneimg`,`twoimg`,`threeimg`,`groupid`,`uid`,`time`)VALUES('59A4F6ED5439F3EB6BF471B4A20B7FEA','0','0','SCH088','床','','DC2620A3FAE3605FBDAECF5865D76C3A','5B09C7777529B81E9B217732BB4D1532/9D5C816F07D47F26B52B7AEC3769DAC9.jpg','5B09C7777529B81E9B217732BB4D1532/23272AD8DC99B451A8E18C5E3CE82C5F.jpg','','5B09C7777529B81E9B217732BB4D1532','1','1422612774');#END#


INSERT INTO app_pro(`guid`,`sort`,`status`,`title`,`entitle`,`size`,`pid`,`oneimg`,`twoimg`,`threeimg`,`groupid`,`uid`,`time`)VALUES('8E0657DE35C06EF1DA7CF1C8B2952AFB','0','0','SCH086','床','','DC2620A3FAE3605FBDAECF5865D76C3A','5B09C7777529B81E9B217732BB4D1532/A997D0F2CBB8C4943FB95C3D3353F5F0.jpg','5B09C7777529B81E9B217732BB4D1532/089DDCA406D795DDF6F8E6A156620074.jpg','','5B09C7777529B81E9B217732BB4D1532','1','1422612774');#END#


INSERT INTO app_pro(`guid`,`sort`,`status`,`title`,`entitle`,`size`,`pid`,`oneimg`,`twoimg`,`threeimg`,`groupid`,`uid`,`time`)VALUES('C4F19CBFE7339E2B311CC41564F64C52','0','0','SCH080','床','','DC2620A3FAE3605FBDAECF5865D76C3A','5B09C7777529B81E9B217732BB4D1532/8763DAD8DD105391A21A58F98F95DABF.jpg','5B09C7777529B81E9B217732BB4D1532/4E620D0641E020042A09499FD607E588.jpg','','5B09C7777529B81E9B217732BB4D1532','1','1422612774');#END#


INSERT INTO app_pro(`guid`,`sort`,`status`,`title`,`entitle`,`size`,`pid`,`oneimg`,`twoimg`,`threeimg`,`groupid`,`uid`,`time`)VALUES('E573D4CB148B3228BD2AB6305934305D','0','0','SCH075','床','','DC2620A3FAE3605FBDAECF5865D76C3A','5B09C7777529B81E9B217732BB4D1532/E320D0F58B9611325B96634733D59BB7.jpg','5B09C7777529B81E9B217732BB4D1532/9AB968E6B84ACA8F28F2A98ABBD6619E.jpg','','5B09C7777529B81E9B217732BB4D1532','1','1422612774');#END#


INSERT INTO app_pro(`guid`,`sort`,`status`,`title`,`entitle`,`size`,`pid`,`oneimg`,`twoimg`,`threeimg`,`groupid`,`uid`,`time`)VALUES('98D3BE4BFF8007F1037F8F999032C840','0','0','SCH070','床','','DC2620A3FAE3605FBDAECF5865D76C3A','5B09C7777529B81E9B217732BB4D1532/9B3D20DB1E0E2C803DA910F3A2EE3B6E.jpg','5B09C7777529B81E9B217732BB4D1532/EF4EDC835E338370297C2E1BA50BF10E.jpg','','5B09C7777529B81E9B217732BB4D1532','1','1422612774');#END#


INSERT INTO app_pro(`guid`,`sort`,`status`,`title`,`entitle`,`size`,`pid`,`oneimg`,`twoimg`,`threeimg`,`groupid`,`uid`,`time`)VALUES('BB0A9996F8E0F628D9ACF6729DE1DB4D','0','0','SCH065','床','','DC2620A3FAE3605FBDAECF5865D76C3A','5B09C7777529B81E9B217732BB4D1532/24E939DEE3A35940C0369C24BA5E144A.jpg','5B09C7777529B81E9B217732BB4D1532/66DE30CB006BFE8B601D029C3738ABC2.jpg','','5B09C7777529B81E9B217732BB4D1532','1','1422612774');#END#


INSERT INTO app_pro(`guid`,`sort`,`status`,`title`,`entitle`,`size`,`pid`,`oneimg`,`twoimg`,`threeimg`,`groupid`,`uid`,`time`)VALUES('66FBD2D7C3170A09C8640AE089CD3566','0','0','SCH060','床','','DC2620A3FAE3605FBDAECF5865D76C3A','5B09C7777529B81E9B217732BB4D1532/9BFC3A204F9F248C933F63CEA2268EDD.jpg','5B09C7777529B81E9B217732BB4D1532/77031A673FF04432D07EF783122C4C83.jpg','','5B09C7777529B81E9B217732BB4D1532','1','1422612774');#END#


INSERT INTO app_pro(`guid`,`sort`,`status`,`title`,`entitle`,`size`,`pid`,`oneimg`,`twoimg`,`threeimg`,`groupid`,`uid`,`time`)VALUES('D6CB58637DF7A03A5A14D5E958ADC44F','0','0','SCH050','床','','DC2620A3FAE3605FBDAECF5865D76C3A','5B09C7777529B81E9B217732BB4D1532/C42FA1DA2C088A87AC56ED8DBF2CC88E.jpg','5B09C7777529B81E9B217732BB4D1532/3BDC4E5DE7C8116C76290BE00F187725.jpg','','5B09C7777529B81E9B217732BB4D1532','1','1422612774');#END#


INSERT INTO app_pro(`guid`,`sort`,`status`,`title`,`entitle`,`size`,`pid`,`oneimg`,`twoimg`,`threeimg`,`groupid`,`uid`,`time`)VALUES('6B707387F6D5905F579684C68F6F49D9','0','0','SCH035','床','','DC2620A3FAE3605FBDAECF5865D76C3A','5B09C7777529B81E9B217732BB4D1532/B101E4DED08505C5E726033848E2EE8B.jpg','5B09C7777529B81E9B217732BB4D1532/56EEBC50C579AFB2435392EB3FBDD823.jpg','','5B09C7777529B81E9B217732BB4D1532','1','1422612774');#END#


INSERT INTO app_pro(`guid`,`sort`,`status`,`title`,`entitle`,`size`,`pid`,`oneimg`,`twoimg`,`threeimg`,`groupid`,`uid`,`time`)VALUES('1F6A96CCB3C49FF3751FB3A5AF2870AD','0','0','SCH030','床','','DC2620A3FAE3605FBDAECF5865D76C3A','5B09C7777529B81E9B217732BB4D1532/DECA6AC31A824571A86DF0F30A144558.jpg','5B09C7777529B81E9B217732BB4D1532/5AA6819789EDEAF8CFBBA63006366EDA.jpg','','5B09C7777529B81E9B217732BB4D1532','1','1422612774');#END#


INSERT INTO app_pro(`guid`,`sort`,`status`,`title`,`entitle`,`size`,`pid`,`oneimg`,`twoimg`,`threeimg`,`groupid`,`uid`,`time`)VALUES('D5C1093C6399632EC3E72F3D2DE26E12','0','0','SCH025','床','','DC2620A3FAE3605FBDAECF5865D76C3A','5B09C7777529B81E9B217732BB4D1532/DAC4F0216638479F11CFAF6AEAE30017.jpg','5B09C7777529B81E9B217732BB4D1532/CF0C2CABD4C0CADE85D86F16A7AA6F7D.jpg','','5B09C7777529B81E9B217732BB4D1532','1','1422612774');#END#


INSERT INTO app_pro(`guid`,`sort`,`status`,`title`,`entitle`,`size`,`pid`,`oneimg`,`twoimg`,`threeimg`,`groupid`,`uid`,`time`)VALUES('3594AA7C37E806AA514835ACFED7F7F5','0','0','SCH020','床','','DC2620A3FAE3605FBDAECF5865D76C3A','5B09C7777529B81E9B217732BB4D1532/F273D95E350AC1E496DAE37A0307F94B.jpg','5B09C7777529B81E9B217732BB4D1532/F2666F927EE25299624C51D808086F2E.jpg','','5B09C7777529B81E9B217732BB4D1532','1','1422612774');#END#


INSERT INTO app_pro(`guid`,`sort`,`status`,`title`,`entitle`,`size`,`pid`,`oneimg`,`twoimg`,`threeimg`,`groupid`,`uid`,`time`)VALUES('9A976B5777169EFDAE95565A81185475','0','0','SCH010','床','','DC2620A3FAE3605FBDAECF5865D76C3A','5B09C7777529B81E9B217732BB4D1532/D6D3287A7E537FA72D14C40EF08A74ED.jpg','5B09C7777529B81E9B217732BB4D1532/9B5C72F27B7597A46BFDD5212B651322.jpg','','5B09C7777529B81E9B217732BB4D1532','1','1422612774');#END#


INSERT INTO app_pro(`guid`,`sort`,`status`,`title`,`entitle`,`size`,`pid`,`oneimg`,`twoimg`,`threeimg`,`groupid`,`uid`,`time`)VALUES('5F760D8F148AA5B21D910A75F83E9E6C','0','0','SCH005','床','','DC2620A3FAE3605FBDAECF5865D76C3A','5B09C7777529B81E9B217732BB4D1532/EC8F75F12F443D97546FB53C9231AED9.jpg','5B09C7777529B81E9B217732BB4D1532/B5630151ABBC6E121B49AF4A55A76F6C.jpg','','5B09C7777529B81E9B217732BB4D1532','1','1422612774');#END#


INSERT INTO app_pro(`guid`,`sort`,`status`,`title`,`entitle`,`size`,`pid`,`oneimg`,`twoimg`,`threeimg`,`groupid`,`uid`,`time`)VALUES('F59F96819BA50DD9200E018E6EDB231A','0','0','F1308','','','F0408BC562C2A64D16B98EDF8AFE1F2F','5B09C7777529B81E9B217732BB4D1532/B7DC799F51C9023491BE913DC97BA33A.jpg','5B09C7777529B81E9B217732BB4D1532/BD83D6D6834725CDFB8FA6940F7575FD.jpg','','5B09C7777529B81E9B217732BB4D1532','1','1426605858');#END#


INSERT INTO app_pro(`guid`,`sort`,`status`,`title`,`entitle`,`size`,`pid`,`oneimg`,`twoimg`,`threeimg`,`groupid`,`uid`,`time`)VALUES('6F6BA3187298CB11E5A7730CF05E4597','0','0','MF-32','','','F0408BC562C2A64D16B98EDF8AFE1F2F','5B09C7777529B81E9B217732BB4D1532/FB5BF310FB48BD53FDDC7960080E9252.jpg','5B09C7777529B81E9B217732BB4D1532/D5C3206169313AB46D7550C46F03D467.jpg','','5B09C7777529B81E9B217732BB4D1532','1','1426605858');#END#


INSERT INTO app_pro(`guid`,`sort`,`status`,`title`,`entitle`,`size`,`pid`,`oneimg`,`twoimg`,`threeimg`,`groupid`,`uid`,`time`)VALUES('34F95B1445468C339CB32EDB4446F9AD','0','0','MF-30','','','F0408BC562C2A64D16B98EDF8AFE1F2F','5B09C7777529B81E9B217732BB4D1532/0C9E5F1839FBF8F11251719D66B66FE7.jpg','5B09C7777529B81E9B217732BB4D1532/0C35C63ABE27AE152F92B5D643FAF974.jpg','','5B09C7777529B81E9B217732BB4D1532','1','1426605858');#END#


INSERT INTO app_pro(`guid`,`sort`,`status`,`title`,`entitle`,`size`,`pid`,`oneimg`,`twoimg`,`threeimg`,`groupid`,`uid`,`time`)VALUES('8F33CABEE248029ED3B6494F2CB618F0','0','0','MF-36','','','F0408BC562C2A64D16B98EDF8AFE1F2F','5B09C7777529B81E9B217732BB4D1532/4929296657A118ADE4A68D635BEAF2A3.jpg','5B09C7777529B81E9B217732BB4D1532/E23B856FDF60B0A4F43AC2D9BA750E28.jpg','','5B09C7777529B81E9B217732BB4D1532','1','1426605858');#END#


INSERT INTO app_pro(`guid`,`sort`,`status`,`title`,`entitle`,`size`,`pid`,`oneimg`,`twoimg`,`threeimg`,`groupid`,`uid`,`time`)VALUES('FE1D4E7851BF08FE3B2FD56E239A0DA8','0','0','MF-31','','','F0408BC562C2A64D16B98EDF8AFE1F2F','5B09C7777529B81E9B217732BB4D1532/EE58BA821D064B286F2D67FB3C85B643.jpg','5B09C7777529B81E9B217732BB4D1532/BCABCE56397D169AC8CF8D3B9290B19D.jpg','','5B09C7777529B81E9B217732BB4D1532','1','1426605858');#END#


INSERT INTO app_pro(`guid`,`sort`,`status`,`title`,`entitle`,`size`,`pid`,`oneimg`,`twoimg`,`threeimg`,`groupid`,`uid`,`time`)VALUES('50F7DE259A20B98B81B23971FC18EC89','0','0','MF-01','','','F0408BC562C2A64D16B98EDF8AFE1F2F','5B09C7777529B81E9B217732BB4D1532/D2357B95FD4BF9A63968CB0CE5B02F51.jpg','5B09C7777529B81E9B217732BB4D1532/7F4B0A71A6292D1C01B6139D55BABB86.jpg','','5B09C7777529B81E9B217732BB4D1532','1','1426605858');#END#


INSERT INTO app_pro(`guid`,`sort`,`status`,`title`,`entitle`,`size`,`pid`,`oneimg`,`twoimg`,`threeimg`,`groupid`,`uid`,`time`)VALUES('94BA38E8AB6477029FF35A2B94AF172B','0','0','MF-11','','','F0408BC562C2A64D16B98EDF8AFE1F2F','5B09C7777529B81E9B217732BB4D1532/08B22AC35F26DF26DBCCCDF4C1CC5EC2.jpg','5B09C7777529B81E9B217732BB4D1532/1648217DC849508BE508C84F524CCF18.jpg','','5B09C7777529B81E9B217732BB4D1532','1','1426605858');#END#


INSERT INTO app_pro(`guid`,`sort`,`status`,`title`,`entitle`,`size`,`pid`,`oneimg`,`twoimg`,`threeimg`,`groupid`,`uid`,`time`)VALUES('533DD4F5F305E01E69F86B543D5CC18A','0','0','MF-42','','','F0408BC562C2A64D16B98EDF8AFE1F2F','5B09C7777529B81E9B217732BB4D1532/F255B1D06977680CA91B56C40C26CFE4.jpg','5B09C7777529B81E9B217732BB4D1532/BAB688856DAFEE78E396740A3AF66396.jpg','','5B09C7777529B81E9B217732BB4D1532','1','1426605858');#END#


INSERT INTO app_pro(`guid`,`sort`,`status`,`title`,`entitle`,`size`,`pid`,`oneimg`,`twoimg`,`threeimg`,`groupid`,`uid`,`time`)VALUES('1ABF16FB589D512000045D8093B7D572','0','0','MF-39','','','F0408BC562C2A64D16B98EDF8AFE1F2F','5B09C7777529B81E9B217732BB4D1532/92CEC6696000888857E5785EA4139969.jpg','5B09C7777529B81E9B217732BB4D1532/29B5F20944B43571C246492ACB5365FF.jpg','','5B09C7777529B81E9B217732BB4D1532','1','1426605858');#END#


INSERT INTO app_pro(`guid`,`sort`,`status`,`title`,`entitle`,`size`,`pid`,`oneimg`,`twoimg`,`threeimg`,`groupid`,`uid`,`time`)VALUES('7B9CDEB0E972EAF6954A75422F5739FE','0','0','MF-33','','','F0408BC562C2A64D16B98EDF8AFE1F2F','5B09C7777529B81E9B217732BB4D1532/DE86C4EDE99717115EC840DA3A990DD6.jpg','5B09C7777529B81E9B217732BB4D1532/E9E663D99E31080ACEC6671F9A89C703.jpg','','5B09C7777529B81E9B217732BB4D1532','1','1426605858');#END#


INSERT INTO app_pro(`guid`,`sort`,`status`,`title`,`entitle`,`size`,`pid`,`oneimg`,`twoimg`,`threeimg`,`groupid`,`uid`,`time`)VALUES('8D93065E56B3CCC70F6FB811C8BEFFBF','0','0','MF-37','','','F0408BC562C2A64D16B98EDF8AFE1F2F','5B09C7777529B81E9B217732BB4D1532/7C2D172E0BDDDB9FF2B5C5524BF2D772.jpg','5B09C7777529B81E9B217732BB4D1532/8ACE0800C441BADA072DE81883203B25.jpg','','5B09C7777529B81E9B217732BB4D1532','1','1426605858');#END#


INSERT INTO app_pro(`guid`,`sort`,`status`,`title`,`entitle`,`size`,`pid`,`oneimg`,`twoimg`,`threeimg`,`groupid`,`uid`,`time`)VALUES('97897C53ECACA20F8EC9DB9E01651800','0','0','F1101','','','F0408BC562C2A64D16B98EDF8AFE1F2F','5B09C7777529B81E9B217732BB4D1532/624C90971D178400824731BE0405579B.jpg','5B09C7777529B81E9B217732BB4D1532/DF80E91DFE0FE50DE9B97FA200D9C507.jpg','','5B09C7777529B81E9B217732BB4D1532','1','1426605858');#END#


INSERT INTO app_pro(`guid`,`sort`,`status`,`title`,`entitle`,`size`,`pid`,`oneimg`,`twoimg`,`threeimg`,`groupid`,`uid`,`time`)VALUES('45F930A7783F16537FC7890A7BFDAD23','0','0','MF-38','','','F0408BC562C2A64D16B98EDF8AFE1F2F','5B09C7777529B81E9B217732BB4D1532/84C8958C57E797464BB574A8AA35FF39.jpg','5B09C7777529B81E9B217732BB4D1532/55ED1B5A3DECF4C079DD08EC8198286D.jpg','','5B09C7777529B81E9B217732BB4D1532','1','1426605858');#END#


INSERT INTO app_pro(`guid`,`sort`,`status`,`title`,`entitle`,`size`,`pid`,`oneimg`,`twoimg`,`threeimg`,`groupid`,`uid`,`time`)VALUES('4F86337D5D936FED6DF1CB1CFD5835A7','0','0','MF-12','','','F0408BC562C2A64D16B98EDF8AFE1F2F','5B09C7777529B81E9B217732BB4D1532/03379ED939E42740249491F1BB4FC741.jpg','5B09C7777529B81E9B217732BB4D1532/E2E5372F40132358135EBBCED41E726E.jpg','','5B09C7777529B81E9B217732BB4D1532','1','1426605858');#END#


INSERT INTO app_pro(`guid`,`sort`,`status`,`title`,`entitle`,`size`,`pid`,`oneimg`,`twoimg`,`threeimg`,`groupid`,`uid`,`time`)VALUES('BCEABB3D8C31C352DE8282548815916C','0','0','MF-35','','','F0408BC562C2A64D16B98EDF8AFE1F2F','5B09C7777529B81E9B217732BB4D1532/727C26DC153116A625129D02AA3D27BC.jpg','5B09C7777529B81E9B217732BB4D1532/20E2C73E0F38C4905C2545C50183DB72.jpg','','5B09C7777529B81E9B217732BB4D1532','1','1426605858');#END#


INSERT INTO app_pro(`guid`,`sort`,`status`,`title`,`entitle`,`size`,`pid`,`oneimg`,`twoimg`,`threeimg`,`groupid`,`uid`,`time`)VALUES('32FE646433726231DDCF74F8D03FD5A1','0','0','F1803','','','F0408BC562C2A64D16B98EDF8AFE1F2F','5B09C7777529B81E9B217732BB4D1532/95EDCE34DF015F93371074F713B36054.jpg','5B09C7777529B81E9B217732BB4D1532/8C7EE1C7993F1AEAF559CDCE055C29C5.jpg','','5B09C7777529B81E9B217732BB4D1532','1','1426605858');#END#


INSERT INTO app_pro(`guid`,`sort`,`status`,`title`,`entitle`,`size`,`pid`,`oneimg`,`twoimg`,`threeimg`,`groupid`,`uid`,`time`)VALUES('45C690D0B4FF2E6DBBABB965B7F65B3B','0','0','SCH060','','','BB4A8F6D99D82A42E7808A8FA8235602','5B09C7777529B81E9B217732BB4D1532/84AFBDF7DCF513B20C6EF1017E96C218.jpg','5B09C7777529B81E9B217732BB4D1532/84743D5DE4A23760FC1902BEAD76C41C.jpg','','5B09C7777529B81E9B217732BB4D1532','1','1426605858');#END#


INSERT INTO app_pro(`guid`,`sort`,`status`,`title`,`entitle`,`size`,`pid`,`oneimg`,`twoimg`,`threeimg`,`groupid`,`uid`,`time`)VALUES('16005813B039858259A654531367B183','0','0','SCH162','','','BB4A8F6D99D82A42E7808A8FA8235602','5B09C7777529B81E9B217732BB4D1532/2337643FEA846A1CE012DDF46EEDF73D.jpg','5B09C7777529B81E9B217732BB4D1532/48D21AB7D460791887611DB5E52E5B11.jpg','','5B09C7777529B81E9B217732BB4D1532','1','1426605858');#END#


INSERT INTO app_pro(`guid`,`sort`,`status`,`title`,`entitle`,`size`,`pid`,`oneimg`,`twoimg`,`threeimg`,`groupid`,`uid`,`time`)VALUES('063529DE03B61D2B5F675C69B3313876','0','0','SCH108','','','BB4A8F6D99D82A42E7808A8FA8235602','5B09C7777529B81E9B217732BB4D1532/1F42714BA4926544410177CAC0B8D2C4.jpg','5B09C7777529B81E9B217732BB4D1532/A7BC7E386EB371D51A4C609EF0A5CC4C.jpg','','5B09C7777529B81E9B217732BB4D1532','1','1426605858');#END#


INSERT INTO app_pro(`guid`,`sort`,`status`,`title`,`entitle`,`size`,`pid`,`oneimg`,`twoimg`,`threeimg`,`groupid`,`uid`,`time`)VALUES('579542004601A6E87A4B0029B3CA6183','0','0','SCH188','','','BB4A8F6D99D82A42E7808A8FA8235602','5B09C7777529B81E9B217732BB4D1532/7BE8C57231DEE6D3C2BA62303E522BED.jpg','5B09C7777529B81E9B217732BB4D1532/89B04D2E8E079EF669B423DB5E2F85B4.jpg','','5B09C7777529B81E9B217732BB4D1532','1','1426605858');#END#


INSERT INTO app_pro(`guid`,`sort`,`status`,`title`,`entitle`,`size`,`pid`,`oneimg`,`twoimg`,`threeimg`,`groupid`,`uid`,`time`)VALUES('631888D415D893CDA395639F0DBB82A2','0','0','SCH025','','','BB4A8F6D99D82A42E7808A8FA8235602','5B09C7777529B81E9B217732BB4D1532/8306506E7F0D41BEDD8192D76F20F225.jpg','5B09C7777529B81E9B217732BB4D1532/875AEE4D5F61CFF7ED730AF80CE97DF3.jpg','','5B09C7777529B81E9B217732BB4D1532','1','1426605858');#END#


INSERT INTO app_pro(`guid`,`sort`,`status`,`title`,`entitle`,`size`,`pid`,`oneimg`,`twoimg`,`threeimg`,`groupid`,`uid`,`time`)VALUES('CDD5217626AC002650E820F1739772AD','0','0','SCH150','','','BB4A8F6D99D82A42E7808A8FA8235602','5B09C7777529B81E9B217732BB4D1532/5AF5ED3FA46BBDCD543A132AE13CB58A.jpg','5B09C7777529B81E9B217732BB4D1532/D199FB9AB6B60D28A4BC777755F9A967.jpg','','5B09C7777529B81E9B217732BB4D1532','1','1426605858');#END#


INSERT INTO app_pro(`guid`,`sort`,`status`,`title`,`entitle`,`size`,`pid`,`oneimg`,`twoimg`,`threeimg`,`groupid`,`uid`,`time`)VALUES('9008E498B22D1389F9F7722529817B17','0','0','SCH230','','','BB4A8F6D99D82A42E7808A8FA8235602','5B09C7777529B81E9B217732BB4D1532/E08B2AB547ACA35760B535C92A25811F.jpg','5B09C7777529B81E9B217732BB4D1532/9089891E4CE7F9221B90116F45EE9462.jpg','','5B09C7777529B81E9B217732BB4D1532','1','1426605858');#END#


INSERT INTO app_pro(`guid`,`sort`,`status`,`title`,`entitle`,`size`,`pid`,`oneimg`,`twoimg`,`threeimg`,`groupid`,`uid`,`time`)VALUES('16EEC7C7EBE7BA59F639688832D341EF','0','0','SCH020','','','BB4A8F6D99D82A42E7808A8FA8235602','5B09C7777529B81E9B217732BB4D1532/279C73F481DA6BC6BF3877250C7DD54E.jpg','5B09C7777529B81E9B217732BB4D1532/FAF0CFFCC2113A9351790007CA3CCEC1.jpg','','5B09C7777529B81E9B217732BB4D1532','1','1426605858');#END#


INSERT INTO app_pro(`guid`,`sort`,`status`,`title`,`entitle`,`size`,`pid`,`oneimg`,`twoimg`,`threeimg`,`groupid`,`uid`,`time`)VALUES('5F3B8A6993A9BE47BED37258E5D8B787','0','0','SCH128','','','BB4A8F6D99D82A42E7808A8FA8235602','5B09C7777529B81E9B217732BB4D1532/D9F3551DF2E7239E93DC2A61FF80259E.jpg','5B09C7777529B81E9B217732BB4D1532/E70672E509AE2B49ADE2E93E99510B84.jpg','','5B09C7777529B81E9B217732BB4D1532','1','1426605858');#END#


INSERT INTO app_pro(`guid`,`sort`,`status`,`title`,`entitle`,`size`,`pid`,`oneimg`,`twoimg`,`threeimg`,`groupid`,`uid`,`time`)VALUES('F2D394363A7EB910C7F879DED9F5131B','0','0','SCH050','','','BB4A8F6D99D82A42E7808A8FA8235602','5B09C7777529B81E9B217732BB4D1532/82028ADD8605BD455FF213FDAA525930.jpg','5B09C7777529B81E9B217732BB4D1532/2794C997DACABAE570DBF56D7B0A0D8C.jpg','','5B09C7777529B81E9B217732BB4D1532','1','1426605858');#END#


INSERT INTO app_pro(`guid`,`sort`,`status`,`title`,`entitle`,`size`,`pid`,`oneimg`,`twoimg`,`threeimg`,`groupid`,`uid`,`time`)VALUES('97AA35F587AA8A9C5D491C4041BE3BB1','0','0','SCH130','','','BB4A8F6D99D82A42E7808A8FA8235602','5B09C7777529B81E9B217732BB4D1532/F0AA1124EBC3B9FB069534A65749E6A2.jpg','5B09C7777529B81E9B217732BB4D1532/A0ECAAC51C77EDD7ECFF5FB6FE9D7BA7.jpg','','5B09C7777529B81E9B217732BB4D1532','1','1426605858');#END#


INSERT INTO app_pro(`guid`,`sort`,`status`,`title`,`entitle`,`size`,`pid`,`oneimg`,`twoimg`,`threeimg`,`groupid`,`uid`,`time`)VALUES('9EFB6BBB74CD45D9969D9B8D73DBDB3E','0','0','SCH192','','','BB4A8F6D99D82A42E7808A8FA8235602','5B09C7777529B81E9B217732BB4D1532/4512E43F2CC3862A19F501D43CB902BB.jpg','5B09C7777529B81E9B217732BB4D1532/4C2CC71FA9ECE7B97C0230337B8635F6.jpg','','5B09C7777529B81E9B217732BB4D1532','1','1426605858');#END#


